school;sex;age;address;famsize;Pstatus;Medu;Fedu;Mjob;Fjob;reason;guardian;traveltime;studytime;failures;schoolsup;famsup;paid;activities;nursery;higher;internet;romantic;famrel;freetime;goout;Dalc;Walc;health;absences;G1;G2;G3;
MS;M;16;R;GT3;T;1;1;at_home;other;other;father;2;1;0;no;no;no;yes;yes;yes;no;no;3;4;4;3;4;5;6;11;11;11;0,581558765
MS;F;18;R;GT3;T;2;2;other;other;other;mother;2;1;1;no;no;no;no;yes;no;yes;yes;5;5;5;1;1;3;0;8;6;0;0,677773943
MS;M;17;R;GT3;T;1;1;other;services;course;mother;2;1;0;no;yes;no;yes;no;yes;yes;yes;4;5;5;1;3;2;0;10;9;10;0,58860641
GP;M;18;U;LE3;T;1;1;other;other;course;mother;1;1;2;no;no;no;no;yes;no;yes;yes;2;3;5;2;5;4;0;11;9;0;0,627079796
GP;F;18;U;GT3;T;2;1;other;other;home;mother;1;2;0;no;yes;no;no;yes;yes;yes;yes;4;2;5;1;2;1;8;14;14;15;0,459968853
GP;M;16;U;GT3;T;3;1;other;other;reputation;mother;1;1;0;no;no;no;yes;yes;yes;no;no;5;3;2;2;2;5;0;13;13;14;0,848527204
GP;M;17;R;GT3;T;1;1;other;other;home;father;2;3;0;no;no;no;no;no;yes;yes;yes;4;3;3;1;1;1;2;13;14;15;0,870221943
GP;F;16;U;GT3;T;2;1;other;other;home;mother;1;1;0;no;no;no;no;yes;yes;yes;yes;4;5;2;1;1;5;4;9;10;10;0,256558336
GP;F;18;U;GT3;T;2;1;other;other;reputation;mother;2;2;0;no;no;no;yes;yes;yes;yes;yes;4;3;1;1;1;5;10;12;13;14;0,556352417
GP;F;18;U;GT3;T;2;2;at_home;services;home;mother;1;3;0;no;yes;no;yes;yes;yes;yes;yes;4;3;3;1;1;3;0;11;12;13;0,137947011
GP;M;19;U;GT3;T;3;2;services;at_home;home;mother;1;1;0;no;yes;no;no;yes;no;yes;yes;4;5;4;1;1;4;6;11;9;11;0,901265529
MS;F;16;R;GT3;T;1;1;at_home;other;course;father;2;2;3;yes;yes;no;no;yes;yes;no;no;3;4;3;1;1;1;0;7;7;8;0,637304104
MS;F;15;R;LE3;T;1;1;at_home;other;course;mother;2;1;0;no;yes;no;no;yes;no;no;yes;5;2;1;1;3;4;0;9;10;9;0,129233966
MS;M;15;U;GT3;T;2;2;health;other;reputation;mother;3;1;0;no;no;no;no;yes;yes;no;no;4;3;3;1;2;4;1;13;12;13;0,725661666
MS;F;16;R;GT3;T;1;1;other;other;home;father;4;4;0;no;yes;no;no;no;yes;yes;no;4;3;2;1;1;1;0;13;10;13;0,038035339
GP;F;16;U;GT3;T;2;3;services;services;course;mother;1;2;0;no;no;no;no;yes;yes;yes;no;4;3;3;1;1;2;6;12;12;13;0,949769547
GP;M;16;U;GT3;T;3;2;other;other;home;mother;1;1;0;no;yes;no;no;no;yes;yes;no;5;4;3;1;1;5;4;12;12;12;0,860351751
GP;F;18;U;GT3;T;2;1;other;other;course;other;2;3;0;no;yes;no;no;no;yes;yes;yes;4;4;4;1;1;3;10;12;10;11;0,671919668
MS;F;17;R;GT3;T;0;0;at_home;other;course;mother;2;1;0;no;yes;no;no;yes;yes;yes;no;4;4;3;1;1;5;0;10;11;11;0,327407608
MS;M;15;U;LE3;A;2;2;other;other;reputation;mother;3;4;0;no;yes;no;yes;yes;yes;no;no;5;4;5;2;3;5;8;13;14;14;0,613455496
GP;M;15;U;GT3;T;2;3;other;services;course;father;1;1;0;yes;yes;no;yes;no;yes;yes;yes;3;2;2;1;3;3;0;11;11;12;0,042950111
GP;F;16;U;LE3;T;1;2;other;services;reputation;father;1;2;0;yes;no;no;yes;yes;yes;yes;no;4;4;3;1;1;1;0;13;13;10;0,00352748
GP;F;16;U;GT3;A;2;2;other;other;reputation;mother;1;2;0;yes;yes;no;no;yes;yes;yes;no;3;3;4;1;1;4;0;13;13;13;0,474340636
MS;M;17;R;LE3;T;2;2;services;services;other;mother;3;4;1;no;yes;no;no;yes;yes;no;no;1;3;5;3;5;3;2;10;8;9;0,560824067
MS;F;17;U;GT3;T;2;2;other;at_home;course;mother;1;1;0;no;yes;no;yes;yes;no;no;no;4;5;3;1;1;5;4;9;9;10;0,681365025
MS;F;15;R;LE3;T;2;2;other;other;other;father;1;3;0;yes;yes;no;no;yes;yes;no;no;4;4;3;2;2;5;2;14;11;12;0,583556206
GP;M;18;U;LE3;T;4;3;teacher;services;course;mother;2;1;0;no;no;no;yes;yes;yes;yes;no;4;2;3;1;2;1;0;10;10;10;0,403437231
GP;M;15;U;GT3;T;4;4;other;teacher;reputation;father;2;2;0;no;yes;no;yes;yes;yes;no;no;4;4;3;1;1;2;4;16;15;16;0,665544875
GP;M;16;R;GT3;T;4;4;teacher;teacher;course;mother;1;1;0;no;no;no;yes;yes;yes;yes;no;3;5;5;2;5;4;8;14;14;15;0,926570809
GP;F;16;U;GT3;T;2;1;other;other;course;mother;1;2;0;no;yes;no;no;yes;yes;no;yes;4;3;5;1;1;5;0;13;12;12;0,754690572
GP;F;17;U;GT3;T;2;2;other;other;course;mother;1;2;0;no;yes;no;no;no;yes;yes;no;5;4;5;1;2;5;12;12;12;14;0,314683547
GP;F;18;U;GT3;A;4;4;at_home;teacher;course;mother;2;2;0;yes;no;no;no;yes;yes;no;no;4;3;4;1;1;3;4;0;11;11;0,834842526
MS;M;16;R;GT3;T;1;2;other;other;course;father;2;2;0;no;no;no;no;yes;yes;no;no;4;3;3;1;1;5;0;10;11;11;0,380688221
MS;M;17;R;GT3;T;2;1;other;other;other;mother;3;1;0;no;no;no;yes;yes;no;no;yes;5;5;5;5;5;3;8;8;10;9;0,282241245
MS;F;16;R;GT3;T;1;2;other;other;home;father;1;3;0;yes;yes;no;no;no;yes;yes;yes;4;3;4;1;1;3;5;13;14;13;0,983430845
GP;F;15;U;GT3;T;2;1;services;other;reputation;father;3;3;0;no;yes;no;yes;yes;yes;yes;no;5;2;2;1;1;4;0;10;12;13;0,720855198
MS;M;16;U;LE3;T;2;1;at_home;services;course;mother;2;1;0;no;yes;no;yes;yes;yes;yes;no;2;4;3;2;3;4;4;10;8;10;0,17939793
GP;M;16;U;GT3;T;4;3;teacher;other;home;mother;1;2;0;no;yes;yes;yes;yes;yes;yes;no;3;4;3;2;3;3;4;11;10;11;0,83571647
GP;F;18;U;GT3;T;2;3;at_home;other;course;mother;1;3;0;no;yes;no;no;yes;yes;yes;no;4;3;3;1;2;3;0;11;12;14;0,281132541
GP;F;17;R;GT3;T;2;2;other;other;reputation;mother;1;1;0;no;yes;no;no;yes;yes;yes;no;5;3;2;1;2;3;21;13;13;13;0,474201111
MS;F;17;R;GT3;T;1;1;at_home;other;reputation;mother;2;1;0;no;yes;no;yes;no;yes;yes;yes;4;4;5;1;2;5;0;11;11;11;0,004933028
GP;F;18;R;GT3;T;2;1;other;other;reputation;mother;2;2;0;no;yes;no;no;yes;no;yes;yes;4;3;5;1;2;3;12;8;9;10;0,526399362
MS;F;15;R;GT3;T;1;1;at_home;other;home;father;2;2;0;no;yes;no;yes;yes;yes;yes;no;4;3;3;1;1;2;1;11;10;11;0,99987391
GP;F;16;U;GT3;T;1;1;services;services;course;father;4;1;0;yes;yes;no;yes;no;yes;yes;yes;5;5;5;5;5;5;0;10;10;16;0,101596308
MS;F;17;U;LE3;T;4;4;at_home;at_home;course;mother;1;2;0;no;yes;no;yes;yes;yes;yes;yes;2;3;4;1;1;1;4;15;14;15;0,809924525
GP;F;21;U;LE3;T;4;4;other;other;reputation;other;1;3;2;no;no;yes;yes;yes;yes;yes;no;3;3;2;1;1;5;0;9;12;12;0,775200055
GP;M;15;U;LE3;T;2;2;services;services;home;mother;2;2;0;no;no;yes;yes;yes;yes;yes;no;5;3;3;1;3;4;2;13;12;13;0,170413903
GP;M;15;U;GT3;T;4;4;teacher;health;reputation;mother;1;2;0;no;yes;no;yes;yes;yes;no;no;3;2;2;1;1;5;8;15;15;16;0,463320294
GP;F;18;U;GT3;T;3;3;at_home;other;course;father;1;2;0;no;yes;no;no;yes;yes;yes;no;4;1;4;1;1;3;8;11;12;14;0,805475637
MS;F;15;R;GT3;T;1;1;at_home;services;other;mother;1;1;1;no;yes;no;no;yes;yes;no;yes;4;1;3;1;1;2;6;10;10;10;0,505458103
MS;F;16;U;GT3;T;4;4;health;health;course;mother;1;2;0;no;yes;no;no;yes;yes;yes;yes;4;3;4;1;2;3;4;8;8;8;0,298448262
MS;M;18;U;GT3;T;3;3;at_home;at_home;course;mother;1;2;2;no;yes;no;yes;yes;no;yes;no;4;4;5;1;3;3;9;4;8;8;0,656288984
MS;M;15;R;LE3;T;4;1;health;services;reputation;father;1;2;0;no;yes;no;yes;yes;yes;yes;no;5;3;4;1;2;2;0;12;13;14;0,485166553
GP;F;16;U;LE3;T;2;2;at_home;other;course;mother;1;2;0;no;yes;no;no;yes;yes;no;no;4;3;4;1;2;2;6;13;11;11;0,01236433
MS;M;18;R;GT3;T;2;1;other;other;other;mother;2;1;0;no;no;no;yes;no;yes;yes;yes;4;4;3;1;3;5;0;7;7;0;0,430754252
GP;F;17;U;GT3;T;1;1;other;services;course;father;1;2;0;no;yes;no;no;yes;yes;no;no;4;3;4;1;2;5;4;11;10;11;0,624311218
GP;M;18;U;LE3;A;3;4;other;other;reputation;other;1;2;0;no;no;no;yes;yes;yes;yes;yes;4;3;5;1;4;2;9;13;14;15;0,082739933
MS;F;18;U;GT3;T;2;3;at_home;services;course;father;2;1;0;no;yes;no;no;yes;yes;yes;yes;5;2;3;1;2;4;0;10;10;10;0,387876263
MS;F;16;U;GT3;T;2;2;services;other;course;mother;1;1;0;no;yes;yes;yes;yes;yes;no;yes;4;2;5;1;2;5;0;17;16;16;0,08061905
GP;F;17;R;LE3;T;3;1;services;other;reputation;mother;2;4;0;no;yes;no;no;yes;yes;no;no;3;1;2;1;1;3;0;18;19;19;0,347042416
GP;M;15;U;GT3;T;2;2;other;other;home;mother;1;1;0;no;yes;no;no;yes;yes;yes;no;4;2;2;1;2;5;8;11;12;12;0,17649767
GP;F;19;U;LE3;A;2;3;at_home;other;home;other;2;1;1;no;no;no;no;yes;no;yes;no;2;2;3;3;4;5;16;10;11;11;0,78811876
GP;M;15;U;LE3;T;3;3;other;other;course;mother;1;2;0;no;no;no;yes;no;yes;yes;no;5;3;2;1;1;2;0;13;12;12;0,991290694
GP;M;16;U;GT3;T;2;1;other;other;course;mother;3;1;0;no;no;no;no;yes;yes;yes;no;4;3;3;1;1;4;7;15;16;16;0,584446261
GP;M;19;R;GT3;T;3;3;other;services;reputation;father;1;2;0;no;no;no;yes;yes;yes;no;yes;4;5;3;1;2;5;0;10;10;11;0,729250741
GP;F;16;U;LE3;A;3;3;other;services;home;mother;1;2;0;no;yes;no;no;yes;yes;yes;no;2;3;5;1;4;3;6;13;12;13;0,542726994
MS;F;15;R;GT3;T;1;2;other;services;course;mother;2;1;0;no;no;no;no;yes;yes;no;no;5;1;2;1;1;1;3;11;13;13;0,088770998
MS;F;16;R;LE3;T;2;2;other;other;home;father;3;1;0;no;yes;no;yes;yes;yes;no;yes;4;3;2;1;1;4;0;14;14;16;0,221261109
GP;F;17;U;GT3;T;3;2;other;other;course;mother;1;2;0;no;no;no;yes;no;yes;yes;no;5;3;4;1;3;3;2;17;18;17;0,791346502
GP;M;18;U;GT3;T;4;4;other;other;course;mother;1;3;0;no;no;no;yes;yes;yes;yes;no;4;3;3;2;2;3;0;13;14;13;0,505330065
GP;M;17;U;LE3;A;3;2;teacher;services;home;mother;1;1;0;no;no;no;no;yes;yes;yes;no;4;4;4;3;4;3;18;13;13;13;0,931454601
GP;M;16;U;GT3;T;4;4;services;teacher;other;father;1;3;0;no;yes;no;yes;yes;yes;yes;yes;4;4;3;1;1;4;0;16;16;16;0,539538577
GP;M;16;U;GT3;T;4;4;health;other;reputation;father;1;2;0;no;yes;no;yes;yes;yes;yes;no;4;2;4;2;4;1;0;13;13;14;0,298816137
MS;F;16;R;GT3;T;2;2;other;services;course;father;3;2;0;no;yes;no;yes;yes;yes;yes;no;5;3;4;1;1;2;1;14;13;14;0,490755553
GP;M;18;U;LE3;T;2;1;services;other;course;mother;3;2;1;no;no;no;yes;no;no;yes;no;4;4;5;4;4;5;4;11;10;11;0,733506514
MS;F;16;U;GT3;T;4;4;teacher;services;course;mother;2;3;0;no;yes;no;no;yes;yes;yes;yes;5;3;5;1;4;5;1;10;11;12;0,389600883
GP;F;18;U;GT3;T;2;3;other;services;reputation;father;1;4;0;no;yes;no;yes;yes;yes;yes;yes;4;5;5;1;3;2;10;16;16;16;0,722606682
GP;M;18;U;GT3;T;2;2;other;services;reputation;father;1;2;0;no;no;no;no;yes;no;yes;no;5;5;4;3;5;2;16;8;7;8;0,01684157
MS;M;19;R;GT3;T;1;1;other;services;other;mother;2;1;1;no;no;no;no;yes;yes;no;no;4;3;2;1;3;5;0;5;8;0;0,907316808
MS;F;16;R;GT3;T;2;3;at_home;services;course;mother;2;2;0;no;no;no;no;yes;yes;no;no;4;5;2;1;2;5;0;16;17;17;0,454080247
GP;F;18;U;LE3;A;2;2;services;other;reputation;mother;2;2;0;no;yes;no;no;yes;yes;yes;no;4;1;4;1;3;4;10;14;17;17;0,882082698
MS;F;17;R;GT3;T;4;4;teacher;services;other;father;2;2;0;no;yes;yes;yes;yes;yes;yes;no;4;3;3;1;2;5;2;12;12;12;0,337985246
MS;F;16;R;GT3;T;1;1;at_home;other;other;mother;2;1;0;no;no;no;yes;yes;yes;yes;yes;4;2;2;4;3;2;0;13;12;14;0,665681345
GP;M;17;R;LE3;T;1;1;other;services;course;mother;4;2;0;no;no;no;yes;yes;no;no;yes;5;3;5;1;5;5;0;8;8;8;0,150582521
GP;F;17;U;LE3;T;2;4;services;services;course;father;1;2;0;no;no;no;yes;yes;yes;yes;yes;4;3;2;1;1;5;8;14;15;16;0,644635515
GP;M;16;U;GT3;T;4;4;services;services;course;mother;1;1;0;no;no;yes;yes;yes;yes;yes;no;5;3;2;1;2;5;4;14;15;15;0,675558799
GP;F;17;U;GT3;T;3;1;services;services;course;father;1;3;0;no;yes;no;no;no;yes;yes;no;3;4;3;2;3;5;0;17;18;17;0,45933542
GP;F;16;U;LE3;T;2;2;services;services;course;mother;3;2;0;no;yes;no;no;yes;yes;yes;no;4;3;3;2;3;4;0;14;13;13;0,903353895
MS;F;16;U;GT3;T;1;1;other;other;course;other;1;4;0;yes;yes;no;yes;yes;yes;yes;no;2;2;1;1;1;5;0;14;14;14;0,30464083
MS;M;17;U;LE3;A;1;0;other;other;home;mother;1;1;0;no;no;no;no;yes;yes;no;yes;4;1;2;1;1;5;4;11;11;12;0,411684588
GP;F;15;U;GT3;T;4;2;other;other;reputation;mother;1;3;0;no;yes;no;yes;yes;yes;yes;no;5;3;3;1;3;1;4;15;15;15;0,337693307
GP;M;17;U;GT3;T;2;2;other;other;home;father;2;1;0;no;no;no;no;yes;no;yes;no;4;4;4;2;3;4;8;8;8;9;0,891308534
MS;F;18;R;GT3;T;4;4;teacher;at_home;reputation;mother;3;1;0;no;yes;no;yes;yes;yes;yes;yes;4;4;3;2;2;5;4;7;9;10;0,487419733
GP;M;17;U;LE3;T;1;1;health;other;course;mother;2;1;1;no;yes;no;yes;yes;yes;yes;no;4;4;4;1;2;5;0;9;10;10;0,896908711
MS;M;18;U;GT3;T;4;4;teacher;teacher;home;father;1;2;0;no;no;no;yes;no;yes;yes;no;3;2;4;1;4;2;4;17;18;19;0,879171492
GP;F;16;U;GT3;T;2;3;services;teacher;other;mother;1;2;0;yes;no;no;no;yes;yes;yes;no;2;3;1;1;1;3;0;13;13;14;0,59241579
GP;F;15;U;GT3;T;3;2;health;services;home;father;1;2;1;no;yes;no;no;yes;yes;yes;no;3;3;2;1;1;3;2;11;11;11;0,214511507
GP;F;17;U;GT3;T;2;2;other;services;reputation;father;3;3;0;no;yes;no;no;yes;yes;yes;yes;4;2;3;1;1;1;8;13;15;15;0,786091635
MS;F;16;U;GT3;T;3;3;other;other;reputation;mother;1;1;0;no;no;no;yes;yes;no;yes;yes;4;5;4;1;1;4;0;14;13;13;0,468270571
GP;F;18;R;GT3;T;1;1;at_home;other;course;mother;3;1;3;no;yes;no;yes;no;yes;no;no;5;2;5;1;5;4;6;11;10;11;0,627095442
MS;F;16;R;GT3;T;0;2;other;other;other;mother;2;1;0;no;yes;no;yes;yes;yes;no;no;3;2;3;1;2;2;0;12;11;12;0,776969461
GP;F;18;U;GT3;T;1;4;other;teacher;home;mother;1;2;0;yes;yes;no;no;no;yes;no;yes;3;4;4;1;2;5;2;10;10;11;0,701255957
GP;M;17;U;GT3;T;4;4;services;teacher;home;mother;1;1;0;no;no;no;no;yes;yes;yes;no;5;2;3;1;2;5;4;13;13;14;0,050262713
MS;F;17;R;GT3;T;3;1;other;other;course;mother;2;2;3;no;yes;no;yes;no;yes;yes;yes;5;4;4;1;1;5;2;7;9;10;0,515008645
GP;M;16;R;GT3;T;4;2;teacher;services;other;mother;1;1;0;no;yes;no;yes;yes;yes;yes;yes;4;3;3;3;4;3;8;10;9;11;0,587049954
MS;F;18;R;GT3;T;2;2;at_home;other;other;mother;2;3;0;no;no;no;no;yes;yes;no;no;5;3;3;1;3;4;0;14;17;15;0,639722448
MS;F;16;U;LE3;T;1;1;at_home;other;other;mother;3;2;0;no;yes;no;no;yes;yes;yes;no;4;3;2;1;3;5;6;6;8;8;0,020935567
GP;M;17;R;LE3;A;4;4;teacher;other;course;mother;2;2;0;no;yes;no;no;yes;yes;yes;no;3;3;3;2;3;4;0;12;12;12;0,651044586
GP;F;15;U;GT3;T;3;2;services;other;home;mother;2;2;0;yes;yes;no;no;yes;yes;yes;no;4;3;5;1;1;2;16;11;10;10;0,72373641
MS;F;19;U;GT3;T;1;1;other;other;course;other;2;2;1;no;yes;no;no;yes;yes;yes;yes;1;1;4;4;1;1;12;7;8;9;0,255904719
MS;M;17;U;GT3;T;3;4;services;other;other;mother;1;2;1;no;yes;no;yes;no;yes;yes;yes;5;4;4;3;4;5;8;8;9;8;0,006919475
MS;F;15;R;GT3;T;3;3;other;services;course;father;2;1;0;no;no;no;no;no;yes;yes;no;4;1;3;1;1;4;0;14;16;16;0,591930481
MS;F;18;R;LE3;A;4;2;teacher;other;reputation;mother;1;2;0;no;no;no;yes;yes;yes;yes;yes;5;3;1;1;1;5;0;5;0;0;0,267726951
GP;M;16;U;LE3;T;4;3;health;other;home;father;1;1;0;no;no;no;yes;yes;yes;yes;no;3;1;3;1;3;5;6;12;12;12;0,010771939
GP;M;16;U;GT3;T;3;3;other;services;course;father;1;2;1;no;yes;no;no;yes;yes;yes;yes;4;5;5;4;4;5;0;10;10;1;0,598436401
GP;F;19;R;GT3;T;3;2;services;services;reputation;father;1;2;1;yes;yes;no;no;yes;no;yes;no;3;3;3;4;3;3;0;9;8;10;0,218402633
GP;M;17;R;GT3;T;1;3;other;other;course;father;3;2;1;no;yes;no;yes;yes;yes;yes;no;5;2;4;1;4;5;14;12;11;11;0,293884153
GP;M;22;U;GT3;T;3;1;services;services;other;mother;1;1;3;no;no;no;no;no;no;yes;yes;5;4;5;5;5;1;12;7;8;5;0,372062005
GP;M;18;U;LE3;T;2;2;other;other;course;mother;1;4;0;no;yes;yes;yes;yes;yes;yes;no;4;5;5;2;4;5;0;11;11;12;0,060488221
GP;M;15;U;GT3;T;4;2;other;other;course;mother;1;4;0;no;no;no;no;yes;yes;yes;no;3;3;3;1;1;3;0;11;9;10;0,530777528
MS;M;16;U;LE3;T;4;4;teacher;health;other;father;1;1;0;no;yes;no;no;yes;yes;yes;no;4;1;2;2;5;5;0;11;12;12;0,441160996
GP;M;15;R;GT3;T;4;3;teacher;at_home;course;mother;1;2;0;no;yes;no;yes;yes;yes;yes;yes;4;5;2;1;1;5;0;13;14;15;0,747146595
MS;F;16;R;GT3;T;1;1;at_home;other;other;father;4;3;0;yes;yes;no;no;yes;yes;no;no;4;4;3;1;1;5;2;10;9;10;0,338219409
GP;F;17;U;GT3;T;3;3;other;other;home;mother;1;3;0;no;no;no;yes;no;yes;no;no;3;2;3;1;1;4;2;15;12;13;0,933933718
MS;M;17;U;GT3;T;1;1;other;other;home;mother;1;2;0;no;no;yes;no;no;yes;yes;no;4;4;3;2;4;5;4;8;9;9;0,299638783
MS;M;15;U;LE3;A;2;1;services;services;course;mother;1;1;0;no;no;no;yes;yes;yes;yes;no;4;3;3;1;2;5;11;12;13;12;0,917717322
MS;F;19;U;GT3;T;2;3;at_home;services;course;other;1;1;1;no;no;no;no;yes;no;yes;yes;4;4;4;1;1;2;0;9;9;10;0,070457288
MS;M;17;U;LE3;T;4;4;other;services;home;mother;1;3;0;no;yes;no;no;yes;yes;yes;no;4;4;3;1;2;5;0;15;14;16;0,129452427
GP;M;15;U;GT3;T;4;3;teacher;other;reputation;mother;1;2;0;no;no;no;no;yes;yes;yes;no;4;4;1;1;1;1;0;12;13;14;0,091811285
MS;F;17;R;GT3;T;2;2;other;other;reputation;mother;2;2;0;no;yes;no;yes;yes;yes;no;no;5;3;2;1;1;1;0;15;17;17;0,343066139
GP;F;19;U;LE3;A;1;1;other;other;course;other;3;2;2;no;yes;no;no;no;yes;yes;yes;5;3;4;1;1;4;2;8;8;9;0,493568398
MS;M;16;U;GT3;T;4;4;other;teacher;course;father;1;2;0;no;yes;no;yes;yes;yes;no;yes;4;3;1;1;1;3;0;13;12;13;0,96740792
GP;F;17;U;GT3;T;4;4;teacher;services;course;mother;1;2;0;no;yes;yes;no;yes;yes;yes;yes;5;3;1;1;4;5;2;11;11;12;0,058878303
GP;M;17;R;GT3;T;2;1;other;other;course;mother;1;1;0;no;no;no;no;no;yes;yes;no;4;4;2;2;4;5;0;12;12;13;0,347602155
MS;F;17;R;GT3;T;1;1;other;services;reputation;mother;3;1;1;no;yes;no;no;yes;yes;yes;yes;5;2;1;1;2;1;0;8;8;9;0,95466925
MS;F;17;R;GT3;T;3;1;at_home;other;reputation;mother;1;2;0;no;yes;no;yes;no;yes;yes;no;4;5;4;2;3;1;10;8;9;9;0,817767755
GP;F;17;U;GT3;T;4;3;other;other;reputation;mother;1;2;0;no;no;no;no;yes;yes;yes;yes;3;4;5;2;4;1;16;11;9;10;0,426815466
GP;F;16;R;GT3;T;1;1;at_home;other;course;mother;4;2;0;no;yes;no;no;yes;yes;no;no;5;1;3;1;1;3;0;14;13;13;0,557918813
GP;F;15;U;GT3;T;1;2;at_home;other;course;mother;1;2;0;no;yes;no;no;no;yes;yes;no;4;3;2;1;1;5;6;13;12;13;0,329718845
GP;M;17;U;GT3;T;3;3;services;services;other;mother;1;2;0;no;yes;no;yes;yes;yes;yes;yes;4;3;4;2;3;4;6;11;13;14;0,546238002
GP;F;17;U;GT3;T;2;3;other;other;course;father;2;2;0;no;no;no;yes;yes;yes;yes;yes;4;2;1;1;1;3;2;11;12;14;0,938377345
GP;M;16;U;LE3;T;4;3;services;other;reputation;mother;1;2;0;no;yes;no;yes;yes;yes;yes;no;5;4;2;1;2;5;6;12;12;13;0,574301509
MS;F;18;U;GT3;T;1;1;other;other;course;mother;3;2;2;no;no;no;yes;yes;yes;no;yes;3;4;4;2;2;5;3;7;8;7;0,056046424
MS;F;15;R;GT3;T;1;1;at_home;at_home;course;father;3;2;0;no;yes;no;no;yes;yes;no;no;4;2;1;1;2;2;0;13;14;14;0,779203117
GP;M;17;R;GT3;T;2;2;services;other;course;mother;4;1;0;no;yes;no;no;yes;yes;yes;no;4;4;5;5;5;4;2;11;10;10;0,726321512
MS;F;18;U;GT3;T;1;1;at_home;services;course;mother;3;2;1;no;no;no;no;yes;no;no;no;4;4;2;1;2;2;2;9;10;10;0,328303933
GP;F;16;U;LE3;T;4;4;teacher;teacher;reputation;mother;1;2;0;no;yes;no;no;yes;yes;yes;no;4;5;2;1;2;3;0;11;10;11;0,811909465
GP;F;15;U;GT3;T;4;4;teacher;teacher;course;mother;2;1;0;no;no;no;yes;yes;yes;yes;no;4;3;2;1;1;5;6;13;14;14;0,867047485
MS;M;18;U;LE3;T;4;4;services;other;reputation;mother;1;1;0;no;yes;no;yes;yes;yes;yes;no;5;4;5;1;1;5;3;17;17;17;0,264131565
GP;M;15;U;GT3;T;4;4;services;other;course;mother;1;1;0;no;yes;yes;yes;no;yes;yes;no;5;3;3;1;1;5;2;12;13;12;0,802417255
MS;M;16;R;LE3;A;4;4;at_home;other;home;mother;1;2;0;no;yes;no;no;yes;yes;no;no;5;3;2;1;3;2;5;10;11;11;0,065444067
GP;F;17;R;GT3;T;2;4;at_home;other;course;father;1;3;0;no;yes;no;no;yes;yes;yes;yes;4;4;3;1;1;5;0;15;15;15;0,610650384
GP;F;16;R;GT3;T;3;3;services;other;reputation;father;1;3;0;yes;yes;no;yes;yes;yes;yes;no;4;1;2;1;1;2;4;11;11;11;0,649094595
MS;F;16;R;GT3;T;2;3;other;services;course;mother;3;2;0;no;yes;no;no;yes;yes;yes;no;4;5;4;1;2;1;2;15;15;15;0,34208209
GP;F;17;U;LE3;A;3;3;services;other;home;mother;1;2;0;yes;yes;no;no;yes;yes;yes;no;5;3;3;1;1;5;0;12;12;13;0,015640932
GP;F;18;U;GT3;T;4;4;teacher;other;course;mother;1;2;0;no;yes;no;no;yes;yes;yes;no;4;4;4;3;3;5;0;12;11;13;0,098169715
GP;M;16;U;GT3;T;4;4;teacher;teacher;course;father;1;2;0;no;yes;no;yes;yes;yes;yes;no;5;4;4;1;2;5;6;16;14;14;0,223935851
GP;F;18;U;GT3;T;1;1;other;other;home;mother;2;3;0;no;no;no;yes;yes;yes;yes;no;4;5;5;1;2;2;0;14;14;14;0,425800531
MS;F;16;R;LE3;T;1;1;at_home;other;course;father;3;2;0;no;yes;no;no;yes;yes;no;no;5;3;2;1;1;1;0;16;17;18;0,753281428
GP;F;16;U;LE3;T;3;1;other;other;home;father;1;2;0;yes;yes;no;no;yes;yes;no;no;3;3;3;2;3;2;0;12;13;12;0,404114698
GP;M;18;U;LE3;T;4;4;teacher;teacher;home;mother;1;1;0;no;yes;no;no;yes;yes;yes;yes;1;4;2;2;2;1;0;18;18;17;0,542615189
MS;F;16;R;GT3;T;2;2;other;other;course;father;3;2;0;no;yes;no;no;yes;no;yes;no;3;4;5;1;2;1;1;9;10;11;0,587817797
GP;M;16;U;GT3;T;2;2;services;other;reputation;father;2;2;0;no;no;no;yes;no;yes;yes;no;4;4;2;1;1;3;6;12;10;11;0,233040169
GP;F;17;U;LE3;T;2;2;services;services;course;father;1;4;0;no;no;no;yes;yes;yes;yes;yes;3;4;1;1;1;2;2;10;11;12;0,117296554
GP;M;17;U;GT3;T;4;3;other;other;course;mother;1;2;0;no;yes;yes;yes;yes;yes;yes;yes;5;2;3;1;1;2;4;11;11;13;0,137258691
GP;F;17;R;GT3;T;2;1;at_home;services;reputation;mother;2;2;0;no;yes;no;yes;yes;yes;yes;no;4;2;5;1;2;5;0;11;10;11;0,169159742
GP;F;16;U;GT3;T;3;3;other;other;home;father;1;2;0;no;yes;no;no;yes;yes;no;no;4;3;2;1;2;5;0;11;13;13;0,836985487
GP;F;17;U;LE3;T;3;3;other;other;reputation;mother;1;2;0;no;yes;no;yes;yes;yes;yes;yes;5;3;3;2;3;1;32;14;13;14;0,806045715
GP;M;18;U;LE3;T;3;1;services;services;course;mother;2;1;0;no;no;no;yes;yes;yes;yes;yes;3;3;4;4;5;4;2;11;11;12;0,812199955
GP;F;18;U;LE3;A;2;1;other;other;course;mother;1;2;0;no;yes;no;no;no;yes;yes;yes;4;3;4;1;3;5;2;12;12;13;0,230629783
GP;F;16;U;GT3;T;2;2;other;other;reputation;mother;1;4;0;no;no;no;no;yes;yes;yes;yes;5;2;3;1;3;3;1;13;13;13;0,452690971
GP;F;18;R;GT3;T;3;1;other;other;reputation;mother;1;2;0;no;no;no;yes;yes;yes;yes;yes;5;3;3;1;1;4;4;8;8;8;0,924163177
GP;M;15;R;GT3;T;3;4;at_home;teacher;course;mother;4;2;0;no;yes;no;no;yes;yes;no;yes;5;3;3;1;1;5;2;12;11;11;0,400571346
GP;M;15;U;GT3;T;4;2;teacher;other;home;mother;1;2;0;no;yes;no;no;yes;yes;no;no;4;3;3;2;2;5;4;11;12;13;0,478095587
MS;F;16;R;GT3;A;2;2;health;other;course;mother;1;2;0;no;no;no;no;no;yes;no;yes;3;3;2;1;1;3;2;8;10;10;0,041786619
GP;F;17;U;GT3;T;1;1;at_home;other;reputation;mother;1;3;0;no;yes;no;yes;yes;yes;no;yes;4;3;4;1;1;5;12;12;12;12;0,345999674
MS;F;17;U;GT3;T;4;4;health;health;course;father;1;2;0;no;yes;no;no;yes;yes;yes;no;5;2;5;1;1;5;0;13;15;16;0,694288714
MS;F;16;R;GT3;T;4;4;teacher;teacher;course;mother;2;3;0;no;no;no;yes;yes;yes;yes;yes;4;2;2;1;1;4;6;16;16;17;0,214394619
GP;F;18;U;GT3;T;2;2;at_home;at_home;other;mother;1;3;0;no;yes;no;no;yes;yes;yes;no;4;3;3;1;2;2;0;18;18;18;0,366401095
GP;M;18;R;LE3;A;3;4;other;other;reputation;mother;2;2;0;no;yes;no;yes;yes;yes;yes;no;4;2;5;3;4;1;6;15;16;16;0,827870451
GP;F;18;U;GT3;T;3;2;at_home;other;reputation;father;1;3;0;no;yes;no;no;yes;yes;yes;yes;4;3;4;1;2;2;5;14;17;17;0,203547569
GP;F;15;U;LE3;T;1;1;at_home;other;other;mother;1;2;0;yes;no;no;no;yes;yes;yes;no;4;3;2;2;3;3;6;12;13;12;0,775363027
MS;F;18;R;GT3;T;1;1;at_home;other;other;mother;1;2;1;no;yes;no;no;yes;yes;yes;yes;4;3;2;1;1;5;9;7;7;7;0,377247382
MS;M;18;U;LE3;T;1;2;at_home;services;home;mother;2;1;0;no;yes;no;no;no;yes;no;no;4;1;4;5;5;1;8;10;11;11;0,130886393
MS;M;17;U;GT3;T;3;3;services;services;home;mother;1;1;0;no;yes;no;yes;yes;yes;yes;no;4;1;4;5;5;3;8;7;10;9;0,480006665
MS;F;17;U;GT3;T;1;1;other;at_home;course;mother;1;1;0;no;yes;no;yes;yes;yes;no;no;4;3;2;1;2;5;9;7;9;10;0,432546569
MS;F;17;R;GT3;T;1;2;other;services;course;father;2;2;0;no;no;no;no;no;yes;no;no;3;2;2;1;2;3;0;13;13;13;0,805585093
MS;F;18;R;GT3;T;2;2;at_home;other;course;mother;3;2;1;no;no;no;yes;yes;yes;no;yes;4;3;3;1;1;4;0;9;0;0;0,360034344
GP;F;18;U;GT3;T;4;3;other;other;course;mother;1;3;0;no;yes;no;yes;yes;yes;yes;yes;4;3;4;1;1;5;2;14;15;17;0,506172907
GP;F;15;U;GT3;T;4;4;services;services;reputation;father;2;2;0;no;no;no;no;yes;yes;yes;yes;4;4;4;2;3;5;4;12;11;12;0,181467885
MS;M;16;R;LE3;T;1;1;at_home;other;course;mother;2;1;0;no;no;no;yes;yes;yes;yes;no;4;5;5;2;4;5;0;10;10;9;0,90500325
MS;F;17;R;LE3;A;3;1;other;at_home;course;other;2;3;0;no;yes;yes;no;yes;no;no;no;4;2;3;2;2;3;5;8;7;8;0,30296751
MS;M;18;R;GT3;T;1;0;at_home;at_home;course;other;3;1;1;yes;yes;no;no;yes;yes;no;no;4;3;2;1;1;4;0;12;12;13;0,786386362
GP;F;15;U;GT3;T;2;3;other;other;other;father;2;1;0;no;yes;no;yes;yes;yes;no;no;3;5;1;1;1;5;4;11;11;11;0,950213547
GP;F;17;R;GT3;A;3;2;other;other;home;mother;1;2;0;no;yes;no;no;yes;yes;yes;no;4;3;3;2;3;2;0;14;14;16;0,56709594
MS;M;19;U;GT3;T;2;1;at_home;other;course;other;2;1;3;no;no;no;yes;no;no;yes;yes;4;4;3;1;3;5;4;8;9;9;0,195959253
GP;M;16;U;GT3;T;2;2;other;other;course;father;1;2;0;no;no;no;no;yes;no;yes;no;4;3;5;2;4;4;0;9;10;11;0,948661236
GP;M;15;U;GT3;T;2;3;other;other;home;mother;1;3;0;yes;no;no;no;no;yes;yes;no;5;3;2;1;2;5;2;10;9;9;0,599759142
GP;M;16;U;GT3;T;1;0;other;other;reputation;mother;2;2;0;no;yes;no;yes;yes;yes;yes;yes;4;3;2;1;1;3;0;16;17;18;0,073185113
MS;M;15;U;LE3;T;3;3;at_home;at_home;reputation;father;1;2;0;no;yes;no;yes;yes;yes;yes;no;5;3;3;1;1;5;0;11;11;11;0,458715738
GP;F;19;U;GT3;T;3;3;other;services;home;other;1;2;0;no;yes;no;yes;yes;yes;yes;no;4;3;5;3;3;5;16;11;12;12;0,955982177
GP;F;17;R;LE3;A;1;4;other;other;course;other;4;1;1;no;yes;no;no;yes;yes;yes;no;5;5;4;1;1;5;14;9;9;8;0,959941252
MS;F;18;U;LE3;T;1;1;at_home;services;course;father;2;3;0;no;no;no;no;yes;yes;yes;no;5;3;2;1;1;4;0;19;17;18;0,501043616
GP;M;21;R;LE3;T;1;1;at_home;other;course;other;2;2;2;no;yes;no;yes;yes;no;yes;yes;5;3;3;5;2;4;21;9;10;10;0,701595224
MS;F;18;R;LE3;A;3;2;other;other;course;other;2;3;2;no;yes;no;no;no;no;no;yes;3;3;2;1;1;2;6;7;9;10;0,599955331
GP;M;15;U;LE3;T;1;2;other;other;course;mother;2;1;0;no;no;no;yes;yes;yes;no;no;4;4;4;2;4;5;2;8;9;10;0,660831532
MS;M;16;U;GT3;A;1;2;other;other;other;mother;1;3;0;yes;no;no;no;yes;yes;yes;no;4;4;3;1;1;5;0;10;11;11;0,169255947
MS;F;17;U;GT3;T;4;2;teacher;other;course;father;2;4;0;no;no;no;no;yes;yes;yes;yes;4;2;3;3;1;5;0;18;18;18;0,427871749
GP;M;17;U;LE3;T;2;2;other;other;home;father;1;2;0;no;no;no;yes;no;yes;yes;yes;4;4;2;5;5;4;0;16;16;16;0,574192034
GP;F;16;U;LE3;T;1;1;at_home;at_home;course;mother;1;1;0;no;no;no;no;yes;yes;yes;no;3;4;4;3;3;1;4;10;11;11;0,500703225
GP;F;15;U;LE3;A;4;3;other;other;course;mother;1;2;0;yes;yes;yes;yes;yes;yes;yes;yes;5;2;2;1;1;5;4;10;11;11;0,731206297
GP;M;19;U;LE3;A;4;3;services;at_home;reputation;mother;1;2;0;no;yes;no;no;yes;yes;yes;no;4;3;1;1;1;1;4;11;13;14;0,253009111
GP;M;18;R;GT3;T;4;3;teacher;services;course;mother;1;3;0;no;no;no;no;yes;yes;yes;yes;5;3;2;1;2;4;4;15;14;17;0,35321566
GP;F;18;U;LE3;A;4;4;health;other;home;mother;1;2;0;no;yes;yes;no;yes;yes;yes;yes;4;2;4;1;1;4;0;14;15;15;0,854210797
GP;F;18;U;LE3;T;2;2;at_home;services;course;mother;1;2;1;no;yes;no;no;no;yes;yes;yes;5;3;1;1;1;5;16;9;8;10;0,68080447
GP;M;16;U;LE3;T;2;2;services;services;reputation;father;2;1;0;no;yes;no;yes;yes;yes;yes;no;2;3;3;2;2;2;4;12;11;11;0,510252224
MS;F;18;U;LE3;A;1;1;at_home;services;course;mother;1;2;0;no;no;no;no;yes;yes;no;yes;5;2;3;1;2;3;2;8;10;11;0,26788649
MS;M;16;R;LE3;T;1;2;other;at_home;course;mother;1;1;0;no;no;no;no;yes;yes;no;no;4;4;4;2;4;5;4;9;10;11;0,930602548
MS;F;15;R;LE3;T;1;1;at_home;services;reputation;father;2;2;0;no;yes;no;no;yes;yes;yes;no;5;4;3;1;2;4;0;10;10;10;0,417136776
MS;F;17;U;GT3;T;4;2;teacher;services;home;mother;1;2;0;yes;yes;no;yes;yes;yes;yes;no;5;5;5;1;3;5;0;8;8;0;0,970011419
GP;F;17;U;LE3;T;1;1;at_home;at_home;course;mother;1;3;0;no;yes;no;yes;yes;yes;yes;yes;4;3;2;1;2;4;10;11;10;10;0,827907068
GP;F;15;U;GT3;T;4;4;services;services;course;mother;1;1;0;yes;yes;no;no;yes;yes;yes;no;3;3;4;2;3;5;0;13;12;12;0,014059157
MS;M;19;U;GT3;T;3;2;at_home;services;course;mother;2;1;3;no;no;no;yes;yes;yes;no;no;3;2;1;1;1;3;4;6;11;9;0,721526066
GP;F;17;U;GT3;T;4;3;health;other;reputation;mother;1;3;0;no;yes;no;yes;yes;yes;yes;yes;4;4;3;1;3;4;0;11;12;13;0,989957076
MS;M;16;R;GT3;T;2;1;other;services;reputation;mother;2;2;0;no;no;no;yes;yes;yes;yes;no;5;2;1;1;1;2;0;8;7;0;0,805420126
MS;F;15;R;GT3;T;4;4;teacher;other;course;mother;2;1;0;no;no;no;no;yes;yes;yes;yes;1;5;1;3;5;5;0;13;14;14;0,714637984
GP;F;17;U;GT3;T;2;4;services;services;reputation;father;1;2;0;no;yes;no;yes;yes;yes;no;no;5;4;2;2;3;5;0;17;18;17;0,913720997
GP;F;16;U;GT3;T;2;2;other;other;home;mother;1;2;0;no;yes;no;no;no;yes;yes;no;5;1;5;1;1;4;0;12;12;13;0,048978888
GP;F;18;U;GT3;T;1;1;other;other;home;mother;2;2;0;yes;no;no;yes;yes;yes;yes;no;5;4;4;1;1;4;0;12;13;13;0,048819154
GP;M;15;U;GT3;A;2;2;other;other;home;other;1;3;0;no;yes;no;no;yes;yes;yes;yes;4;5;2;1;1;3;0;14;14;15;0,822019938
MS;F;20;U;GT3;T;3;3;at_home;services;other;mother;2;2;1;no;no;no;yes;yes;yes;yes;yes;3;3;4;2;4;3;8;11;9;10;0,961496951
GP;F;16;U;GT3;T;3;3;other;other;reputation;mother;3;2;0;yes;yes;no;yes;yes;yes;no;no;5;3;2;1;1;4;2;13;14;14;0,536270924
GP;M;18;U;GT3;T;2;2;other;at_home;course;other;1;1;1;no;yes;no;yes;no;no;yes;yes;4;4;3;2;2;1;26;7;8;8;0,962704885
GP;F;17;U;GT3;T;2;2;other;other;course;mother;1;2;0;no;yes;no;no;yes;yes;no;yes;4;2;2;1;1;3;4;14;13;13;0,704671779
MS;M;19;R;GT3;T;1;1;other;services;home;other;3;2;1;no;no;no;no;yes;yes;yes;no;5;4;4;3;3;2;8;10;9;11;0,113418897
GP;F;17;R;GT3;T;2;1;at_home;services;course;mother;3;2;0;no;no;no;yes;yes;yes;no;no;2;1;1;1;1;3;2;13;13;13;0,394797315
GP;F;18;U;GT3;T;4;3;services;other;home;father;1;2;0;no;yes;no;no;yes;yes;yes;yes;3;1;2;1;3;2;2;15;15;15;0,82111562
GP;F;16;U;LE3;T;4;4;health;health;other;mother;1;3;0;no;yes;no;yes;yes;yes;yes;yes;5;4;5;1;1;4;2;15;15;14;0,023762819
GP;F;17;U;GT3;T;1;1;at_home;other;course;mother;1;2;0;yes;no;no;no;no;yes;no;yes;4;3;2;1;1;4;10;10;9;10;0,496789847
MS;F;19;U;GT3;T;1;1;at_home;services;other;father;2;1;1;no;no;no;no;yes;no;no;no;5;5;5;2;3;2;0;5;0;0;0,042393027
MS;F;18;U;GT3;A;2;4;other;services;reputation;father;1;2;1;no;yes;no;no;yes;yes;yes;no;2;3;2;1;3;1;8;8;5;8;0,608285183
GP;F;16;U;LE3;T;2;4;other;health;course;father;2;2;0;no;yes;no;yes;yes;yes;yes;yes;4;2;2;1;2;5;2;14;12;13;0,105582113
MS;M;15;R;LE3;T;1;3;at_home;other;reputation;father;3;1;0;no;yes;no;yes;yes;yes;yes;no;4;2;4;3;5;3;2;10;11;11;0,143905848
GP;F;16;R;GT3;T;1;1;other;services;reputation;mother;2;1;0;no;yes;no;yes;yes;yes;no;yes;3;3;3;1;2;1;8;12;11;11;0,622371332
GP;M;16;R;GT3;T;3;3;services;services;reputation;mother;1;1;0;no;yes;no;yes;yes;yes;yes;no;4;3;2;3;4;5;0;11;10;10;0,787279476
MS;F;16;R;LE3;T;2;2;other;other;course;mother;1;3;0;no;yes;no;no;no;yes;no;yes;4;3;3;2;2;5;2;11;11;11;0,749515095
MS;F;17;R;GT3;T;2;1;at_home;other;course;mother;3;1;0;no;yes;no;yes;yes;no;no;yes;5;5;3;1;1;3;2;9;10;11;0,813850129
MS;F;17;U;GT3;T;4;1;health;at_home;course;mother;1;1;0;no;yes;no;no;yes;yes;no;yes;3;2;2;1;1;5;0;8;10;9;0,384303208
GP;F;15;U;GT3;T;4;4;teacher;services;course;mother;1;3;0;no;yes;no;yes;yes;yes;yes;no;4;2;2;1;1;5;2;13;13;13;0,526860391
GP;F;17;U;GT3;T;3;2;health;health;reputation;father;1;4;0;no;yes;no;yes;no;yes;yes;no;5;2;2;1;2;5;0;18;18;18;0,643727937
MS;M;17;U;GT3;T;1;1;at_home;services;other;mother;3;2;0;no;no;no;no;yes;yes;yes;yes;5;1;3;3;3;1;0;10;10;10;0,869802408
MS;F;16;R;GT3;T;2;3;at_home;services;other;mother;2;2;0;no;yes;no;yes;yes;yes;yes;no;3;3;3;1;1;2;0;8;10;10;0,326289478
GP;F;17;U;GT3;T;1;1;services;teacher;reputation;mother;1;3;0;no;yes;no;no;yes;yes;yes;no;4;3;3;1;1;3;0;13;13;14;0,673009375
GP;F;15;R;LE3;T;2;2;health;services;reputation;mother;2;2;0;yes;yes;no;no;yes;yes;yes;no;4;1;3;1;3;4;0;11;10;11;0,682200223
GP;F;19;U;GT3;T;2;2;services;services;home;mother;1;2;0;no;yes;no;no;yes;yes;yes;no;4;3;3;1;1;5;0;10;10;11;0,404402997
GP;M;16;R;GT3;T;2;2;at_home;other;course;mother;3;1;0;no;no;no;no;no;yes;no;no;4;2;2;1;2;3;4;12;10;11;0,445327455
GP;F;16;U;LE3;T;3;3;other;other;reputation;mother;2;2;0;no;yes;no;yes;yes;yes;yes;no;4;4;5;1;1;4;0;14;14;15;0,805807611
MS;M;15;R;GT3;T;1;1;other;other;course;mother;4;2;0;no;yes;no;yes;yes;yes;no;yes;5;4;5;2;4;4;8;7;9;9;0,32674773
GP;M;16;U;LE3;T;4;2;teacher;other;course;mother;1;2;0;no;no;no;yes;yes;yes;yes;no;4;5;1;1;3;5;0;12;13;14;0,123634652
GP;M;16;U;GT3;T;2;3;other;other;course;mother;2;3;0;no;yes;no;no;no;yes;yes;yes;3;2;3;2;2;1;4;13;12;13;0,241408717
GP;F;18;U;GT3;T;3;3;services;services;home;mother;1;2;0;no;no;no;yes;yes;yes;yes;no;5;3;4;1;1;4;8;10;11;12;0,807225463
GP;F;18;U;LE3;T;3;3;services;services;home;mother;1;4;0;no;yes;no;no;yes;yes;yes;no;5;3;3;1;1;1;4;14;14;15;0,250327729
MS;F;18;U;LE3;A;1;2;at_home;other;reputation;mother;2;2;0;no;no;no;no;yes;yes;yes;no;4;4;3;1;2;4;0;12;13;14;0,828747046
MS;F;18;R;GT3;T;1;1;other;other;home;mother;4;3;0;no;no;no;no;yes;yes;yes;no;4;3;2;1;2;4;4;10;11;12;0,652047782
GP;M;16;U;LE3;T;1;2;health;services;course;mother;2;1;2;no;no;no;no;no;yes;yes;no;4;4;5;3;5;5;0;9;8;10;0,700180242
GP;F;17;U;LE3;A;4;2;teacher;other;course;mother;1;2;0;no;yes;no;yes;yes;yes;no;no;4;3;2;1;1;4;4;15;14;14;0,436590085
GP;F;15;R;GT3;T;1;1;other;other;reputation;mother;1;2;0;yes;yes;no;no;no;yes;yes;yes;3;3;4;2;4;5;2;13;11;11;0,658299653
MS;M;18;R;GT3;T;1;1;services;other;course;other;2;1;1;no;yes;no;no;yes;no;yes;yes;5;3;3;2;3;5;2;9;7;9;0,302817992
MS;F;17;U;GT3;A;1;1;at_home;at_home;other;mother;1;2;0;no;no;no;yes;yes;yes;yes;yes;4;5;5;1;2;3;2;11;10;11;0,795162967
MS;M;18;R;GT3;T;1;3;at_home;other;course;mother;2;2;0;no;yes;yes;no;yes;yes;no;no;3;3;4;2;4;3;0;8;10;9;0,990080316
MS;F;16;U;GT3;T;2;2;other;services;course;father;1;1;1;no;yes;yes;yes;no;yes;yes;no;4;4;3;1;4;3;1;9;10;10;0,745535831
GP;F;17;U;GT3;T;2;3;at_home;other;home;father;2;1;0;no;yes;no;no;yes;yes;no;no;3;3;3;1;4;3;4;12;13;13;0,336663215
GP;F;16;U;GT3;T;3;1;services;other;course;mother;1;4;0;yes;yes;no;no;yes;yes;yes;no;4;3;3;1;2;5;0;10;9;10;0,551346963
GP;F;16;R;GT3;T;2;2;services;services;reputation;mother;2;4;0;no;yes;no;yes;no;yes;yes;no;5;3;5;1;1;5;6;13;13;13;0,651722306
GP;F;19;U;GT3;T;3;3;other;other;reputation;other;1;4;0;no;yes;no;yes;yes;yes;yes;no;4;3;3;1;2;3;4;12;12;12;0,229093008
MS;F;15;U;GT3;T;2;2;other;services;course;mother;2;3;0;no;yes;no;yes;yes;yes;no;no;5;3;2;1;1;4;0;12;13;14;0,802943482
MS;F;16;U;GT3;T;1;1;at_home;other;course;father;1;2;0;no;yes;no;no;no;yes;no;yes;5;4;3;2;1;2;0;13;14;15;0,709870469
GP;M;15;U;GT3;T;3;4;other;other;reputation;father;1;1;0;no;no;no;no;yes;yes;yes;no;3;4;3;1;2;4;2;14;13;14;0,705589122
GP;M;18;U;LE3;T;3;3;services;health;home;father;1;2;0;no;yes;no;no;yes;yes;yes;no;3;2;4;2;4;4;10;10;10;10;0,3303465
MS;F;17;U;GT3;T;2;2;other;at_home;home;mother;1;3;0;no;no;no;yes;yes;yes;no;yes;3;4;3;1;1;3;8;10;11;12;0,745463873
GP;F;17;U;GT3;T;3;4;services;other;course;mother;1;3;0;no;no;no;no;yes;yes;yes;no;4;4;5;1;3;5;8;11;13;14;0,498836994
GP;F;15;U;GT3;T;4;3;services;other;reputation;mother;1;1;0;no;no;no;yes;yes;yes;yes;no;4;5;5;1;3;1;6;14;13;13;0,359595924
MS;F;19;R;GT3;A;1;1;at_home;at_home;course;other;2;2;3;no;yes;no;yes;yes;no;no;yes;3;5;4;1;4;1;0;8;0;0;0,862631644
MS;M;18;R;GT3;T;1;1;other;other;home;mother;2;1;1;no;no;no;yes;yes;no;yes;no;4;4;3;3;4;4;0;8;9;10;0,605528444
MS;F;16;U;GT3;T;3;2;services;at_home;course;mother;1;1;0;no;no;no;no;yes;yes;yes;no;3;1;3;1;4;3;2;7;6;7;0,784232351
GP;F;16;U;GT3;T;4;4;health;health;reputation;mother;1;2;0;no;yes;no;no;yes;yes;yes;yes;4;4;2;1;1;3;0;16;16;17;0,427219165
GP;M;16;U;GT3;T;3;2;at_home;other;reputation;mother;2;3;0;no;no;no;yes;yes;yes;yes;yes;5;3;3;1;3;2;0;12;12;12;0,564827329
GP;F;16;U;GT3;A;3;3;other;other;course;other;2;1;0;no;yes;no;yes;no;yes;yes;yes;4;3;2;1;1;5;4;9;9;10;0,328570184
GP;F;18;U;GT3;T;4;4;health;health;reputation;father;1;2;1;yes;yes;no;yes;yes;yes;yes;yes;2;4;4;1;1;4;2;14;12;13;0,19538152
GP;F;15;U;GT3;A;3;3;services;services;home;mother;1;2;0;no;no;no;no;no;yes;no;yes;1;3;2;2;3;1;24;9;8;9;0,011857848
GP;F;15;R;GT3;T;3;4;services;health;course;mother;1;3;0;yes;yes;no;yes;yes;yes;yes;no;4;3;2;1;1;5;2;11;12;12;0,285684402
GP;F;16;U;GT3;T;1;3;at_home;services;home;mother;1;2;0;no;no;no;yes;no;yes;yes;yes;4;3;5;1;1;3;0;14;13;13;0,8811579
GP;M;17;R;LE3;T;1;2;other;other;reputation;mother;1;1;3;no;no;no;no;yes;yes;no;no;2;2;2;3;3;5;14;9;8;10;0,969770625
GP;F;15;R;LE3;T;3;1;other;other;reputation;father;2;4;0;no;yes;no;no;no;yes;yes;no;4;4;2;2;3;3;6;15;15;15;0,732243055
MS;M;17;R;GT3;T;1;1;other;services;other;father;3;1;0;no;no;no;no;no;no;no;no;4;2;3;3;4;4;4;12;13;14;0,846230954
GP;F;16;U;LE3;T;2;2;other;at_home;course;father;2;2;1;yes;no;no;yes;yes;yes;yes;no;4;3;3;2;2;5;14;10;11;11;0,622890353
GP;M;15;U;GT3;T;4;4;services;services;reputation;mother;2;2;0;no;yes;no;yes;yes;yes;yes;no;4;3;1;1;1;5;2;15;15;15;0,09596363
GP;M;16;U;GT3;T;1;2;services;services;other;mother;1;1;0;no;yes;no;yes;yes;yes;yes;yes;3;3;3;1;2;3;0;10;9;11;0,714386047
MS;F;18;U;GT3;T;2;2;other;other;course;mother;2;2;0;no;yes;no;no;no;yes;yes;yes;1;3;1;1;1;2;4;8;8;10;0,224402249
MS;F;18;U;GT3;T;3;3;other;other;home;mother;1;2;0;no;no;no;no;yes;yes;yes;yes;4;1;3;1;2;1;1;16;16;16;0,588013479
GP;F;17;R;GT3;T;4;4;teacher;teacher;course;mother;1;1;0;no;no;no;yes;yes;yes;yes;no;4;4;4;1;1;5;2;15;16;17;0,577288499
MS;F;17;R;GT3;T;1;1;at_home;at_home;course;father;2;1;0;no;yes;no;yes;yes;no;yes;yes;3;5;5;2;2;4;3;10;11;10;0,68319414
MS;F;16;R;LE3;T;2;2;other;services;course;father;1;2;0;no;no;no;yes;yes;yes;no;yes;5;4;3;1;1;1;0;11;13;12;0,023913662
GP;M;17;U;GT3;T;3;1;services;other;other;mother;1;2;0;no;no;no;yes;yes;yes;yes;yes;5;4;4;3;4;5;0;11;11;14;0,187754278
MS;F;18;R;GT3;T;4;4;other;teacher;other;father;3;2;0;no;yes;no;no;no;yes;yes;yes;3;2;2;4;2;5;0;7;5;0;0,378490262
GP;M;15;U;GT3;T;4;4;health;services;home;mother;1;2;0;no;yes;yes;no;no;yes;yes;no;5;4;2;3;4;5;0;10;11;11;0,351236818
GP;M;18;U;GT3;T;4;3;teacher;other;course;mother;1;3;0;no;yes;no;no;yes;yes;yes;yes;5;4;5;2;3;5;0;14;13;14;0,879799271
MS;M;16;U;LE3;T;2;2;services;services;other;mother;4;3;0;no;no;no;no;yes;yes;no;no;5;1;3;2;2;3;0;10;9;10;0,353856455
GP;F;18;U;LE3;T;4;3;health;services;course;mother;2;1;0;no;yes;no;no;yes;yes;yes;no;3;2;4;1;4;1;8;12;12;15;0,766400554
MS;F;17;U;GT3;T;4;3;teacher;other;other;mother;2;2;0;no;no;no;no;yes;yes;yes;no;5;5;4;1;1;1;0;6;9;11;0,911547761
GP;M;16;U;LE3;T;2;2;other;other;reputation;mother;2;2;0;no;yes;no;yes;yes;yes;yes;no;5;4;4;2;4;5;2;10;10;10;0,571522774
MS;F;16;R;LE3;T;3;4;at_home;other;other;mother;3;2;0;no;yes;no;no;no;yes;no;no;4;2;1;1;1;2;2;7;9;8;0,396564254
MS;F;18;U;GT3;T;2;2;services;at_home;reputation;father;2;2;0;no;no;no;yes;no;yes;yes;no;4;3;5;1;1;1;2;12;13;14;0,995143796
GP;F;17;U;GT3;T;4;4;services;teacher;home;mother;2;1;1;no;yes;no;no;yes;yes;yes;no;4;2;4;2;3;2;30;14;15;16;0,239174902
GP;M;17;U;LE3;T;4;4;teacher;other;reputation;mother;1;2;0;no;yes;no;yes;yes;yes;yes;no;4;4;4;1;3;5;0;11;9;10;0,262895671
GP;M;17;U;GT3;T;3;2;services;services;course;mother;2;1;3;no;yes;no;yes;no;no;no;no;4;5;2;1;1;2;10;8;7;8;0,305604554
GP;F;15;U;GT3;A;4;3;services;services;reputation;mother;1;2;0;no;yes;no;yes;yes;yes;yes;no;4;3;2;1;1;1;0;15;14;15;0,267115054
GP;M;16;R;GT3;A;4;4;other;teacher;reputation;mother;2;3;0;no;yes;no;yes;yes;yes;yes;yes;2;4;3;1;1;5;4;13;13;13;0,357607478
GP;F;17;R;LE3;T;4;4;services;other;other;mother;1;1;0;no;yes;no;no;yes;yes;no;no;5;2;1;1;2;3;6;12;11;11;0,821353034
GP;F;17;U;GT3;T;3;2;other;other;course;father;1;2;0;no;no;no;yes;yes;yes;no;no;5;4;2;1;1;3;4;14;14;15;0,118204714
GP;F;17;U;LE3;A;2;1;other;other;course;mother;3;1;0;no;yes;no;no;yes;yes;yes;no;3;2;2;1;2;5;8;11;10;11;0,567359996
MS;F;16;U;LE3;A;2;2;at_home;other;reputation;mother;2;4;0;no;no;no;yes;no;no;no;yes;1;2;1;1;1;1;4;10;9;11;0,013383432
MS;M;17;U;GT3;T;3;3;services;at_home;course;mother;2;4;1;no;yes;yes;yes;yes;yes;no;no;5;4;5;3;4;5;0;10;11;10;0,111423385
GP;M;15;U;GT3;T;4;3;teacher;other;home;mother;1;2;0;no;yes;no;yes;yes;yes;yes;no;4;3;3;2;3;5;0;11;11;11;0,827234166
GP;F;15;U;GT3;T;4;4;teacher;health;reputation;mother;1;2;0;no;yes;no;no;yes;yes;yes;no;3;3;3;1;2;2;2;14;14;14;0,044145797
GP;F;15;U;LE3;T;4;3;services;services;reputation;father;1;2;0;yes;no;no;yes;yes;yes;yes;yes;4;4;4;2;4;2;0;13;12;12;0,095610981
GP;M;18;U;GT3;T;2;2;services;other;home;mother;1;2;0;no;yes;no;yes;yes;yes;yes;no;4;4;4;2;4;5;10;12;11;11;0,368779635
MS;F;17;R;GT3;T;2;3;other;other;course;mother;2;1;0;no;yes;no;no;yes;yes;yes;no;5;5;5;1;3;3;2;10;11;12;0,813650933
GP;F;16;U;GT3;T;4;2;services;other;course;mother;1;2;0;no;yes;yes;no;yes;yes;yes;no;4;2;3;1;1;5;2;16;15;16;0,184872191
MS;F;17;R;GT3;T;2;2;other;other;other;mother;2;2;0;yes;no;yes;no;yes;yes;no;no;5;1;3;1;1;5;0;11;9;11;0,064433691
GP;F;17;U;GT3;T;4;4;teacher;teacher;course;mother;2;3;0;no;yes;no;no;no;yes;yes;yes;4;3;3;1;2;4;4;15;14;15;0,308028086
GP;F;15;R;GT3;T;1;1;other;other;course;mother;3;1;1;no;no;no;yes;yes;yes;yes;yes;5;5;5;1;1;1;2;8;9;9;0,739038155
GP;F;15;U;GT3;T;4;4;services;teacher;other;father;1;2;0;yes;yes;no;yes;no;yes;yes;no;4;4;4;1;1;3;2;13;12;12;0,931526296
GP;M;17;U;GT3;T;1;1;other;other;reputation;father;1;2;0;no;no;no;no;no;yes;yes;no;4;3;3;1;2;4;0;12;12;12;0,655460889
GP;F;15;U;LE3;A;3;4;other;other;home;mother;1;2;0;yes;no;no;yes;yes;yes;yes;yes;5;3;2;1;1;1;0;10;11;11;0,150892002
MS;F;19;R;GT3;T;1;1;at_home;other;course;other;2;2;1;no;yes;no;no;yes;yes;yes;yes;4;3;3;1;1;3;4;7;8;9;0,5430764
MS;M;17;R;GT3;T;2;2;other;other;course;mother;2;1;0;no;no;no;yes;yes;no;no;yes;5;5;5;3;5;5;0;8;13;10;0,636647394
GP;F;18;R;GT3;T;2;2;at_home;other;course;mother;2;4;0;no;no;no;yes;yes;yes;no;no;4;4;4;1;1;4;6;14;13;14;0,02561347
GP;F;15;R;GT3;T;3;3;services;services;reputation;other;2;3;0;no;yes;yes;yes;yes;yes;yes;yes;4;2;1;2;3;3;2;13;13;13;0,682526042
MS;F;18;R;LE3;T;2;2;services;services;course;mother;1;2;1;no;yes;no;yes;yes;yes;yes;no;2;3;3;1;2;4;3;7;6;8;0,172683166
MS;M;18;U;LE3;T;1;1;other;services;home;father;2;1;0;no;no;no;no;no;yes;yes;yes;3;3;2;1;2;3;2;14;13;14;0,206158178
GP;F;17;U;LE3;T;4;3;health;other;reputation;father;1;2;0;no;no;no;yes;yes;yes;yes;yes;3;2;3;1;2;3;0;14;12;12;0,076697084
GP;F;15;U;LE3;A;2;1;at_home;other;home;mother;2;1;0;no;yes;no;yes;yes;no;yes;yes;4;4;2;1;1;5;0;11;10;10;0,840584642
MS;F;15;U;GT3;T;2;1;at_home;other;home;mother;1;2;0;yes;yes;no;no;no;yes;yes;no;4;4;2;3;3;2;0;9;10;9;0,986318032
GP;M;19;R;GT3;T;3;2;at_home;services;home;other;1;1;0;no;yes;no;no;no;yes;no;yes;5;3;4;2;2;5;0;11;10;10;0,704394813
MS;F;18;U;GT3;A;1;2;at_home;other;course;mother;2;2;2;no;yes;no;no;yes;yes;no;no;4;3;3;1;1;5;2;6;8;8;0,008259336
MS;F;16;R;GT3;T;2;2;other;other;course;mother;2;2;0;no;yes;no;yes;yes;yes;yes;no;4;4;4;1;1;5;0;12;12;12;0,970448218
MS;M;15;U;GT3;T;3;3;services;services;course;father;2;1;0;no;yes;no;yes;no;yes;yes;no;4;3;3;2;4;3;11;12;10;11;0,364588346
MS;M;17;U;GT3;T;3;2;other;other;other;father;2;2;0;no;yes;yes;no;yes;yes;yes;no;4;1;2;2;2;1;0;13;14;13;0,722165672
MS;F;17;R;GT3;T;1;2;other;other;course;mother;1;1;0;no;no;no;yes;yes;yes;yes;no;3;5;5;1;3;1;4;7;8;9;0,683274073
MS;F;16;U;GT3;T;1;2;other;services;course;mother;1;3;1;no;yes;no;no;yes;yes;no;no;1;3;2;1;2;4;3;9;8;8;0,646598674
GP;F;17;U;GT3;T;2;4;at_home;health;reputation;mother;2;2;0;no;yes;no;no;yes;yes;yes;yes;4;3;3;1;1;1;6;15;16;16;0,15468691
GP;F;16;U;GT3;T;2;3;other;other;reputation;mother;1;2;0;yes;yes;no;yes;yes;yes;no;no;4;4;3;1;3;4;4;11;12;12;0,820461011
MS;F;17;U;GT3;T;4;2;other;other;course;mother;2;2;0;no;yes;no;no;yes;yes;yes;no;4;3;3;1;2;4;0;17;18;18;0,548625472
GP;M;16;U;GT3;T;4;4;teacher;teacher;course;mother;1;1;0;no;yes;no;no;yes;no;yes;yes;3;3;2;2;1;5;16;9;9;8;0,286638684
GP;M;19;U;GT3;T;2;1;other;other;reputation;mother;1;1;0;no;no;no;no;yes;yes;yes;no;5;3;4;1;4;4;10;7;11;11;0,726375598
MS;F;19;U;LE3;T;2;2;other;other;home;mother;1;3;0;no;no;no;no;yes;yes;yes;yes;5;4;5;1;1;1;0;12;13;13;0,313067697
GP;F;17;R;GT3;T;4;4;services;services;reputation;mother;2;3;0;no;yes;no;yes;yes;yes;yes;no;5;3;4;1;1;5;0;7;7;8;0,249949949
GP;M;15;U;GT3;T;4;0;teacher;other;course;mother;2;4;0;no;no;no;yes;yes;yes;yes;no;3;4;3;1;1;1;0;12;11;11;0,681412933
GP;M;18;U;LE3;T;4;4;other;other;reputation;father;1;1;0;no;yes;no;no;yes;yes;yes;no;4;2;5;3;4;5;2;8;9;11;0,845484034
GP;F;15;R;GT3;T;1;1;at_home;other;home;mother;2;4;0;yes;yes;yes;yes;yes;yes;yes;no;3;1;2;1;1;1;4;13;13;13;0,985081337
MS;F;18;U;LE3;T;2;2;services;services;course;father;2;3;0;no;no;no;no;yes;yes;yes;yes;5;4;5;1;4;3;0;11;12;13;0,620166484
GP;F;16;U;GT3;T;1;1;at_home;other;home;mother;2;1;0;no;yes;no;no;yes;yes;no;no;4;3;2;1;4;5;2;12;13;13;0,490388039
MS;M;18;R;LE3;T;1;2;at_home;services;other;father;3;1;0;no;yes;no;yes;yes;no;yes;yes;4;3;3;2;3;3;3;9;10;10;0,475707039
GP;M;15;U;GT3;T;4;3;teacher;services;course;father;2;4;0;yes;yes;no;no;yes;yes;yes;no;2;2;2;1;1;3;6;9;11;11;0,037096726
GP;M;18;U;GT3;T;4;2;health;other;reputation;father;1;2;0;no;yes;no;yes;yes;yes;yes;yes;5;4;5;1;3;5;4;10;12;14;0,083089981
GP;F;19;U;GT3;T;4;4;teacher;other;home;other;1;1;1;no;yes;no;no;yes;yes;yes;yes;3;2;5;4;4;5;5;9;10;11;0,555138579
GP;F;19;U;GT3;T;4;4;health;other;reputation;other;2;2;0;no;yes;no;yes;yes;yes;yes;no;2;3;4;2;3;2;2;14;13;13;0,2138589
GP;M;18;U;GT3;T;4;4;teacher;services;home;mother;2;1;0;no;no;no;yes;yes;yes;yes;no;3;2;4;1;4;3;6;11;12;12;0,299969373
MS;F;16;U;LE3;T;4;4;services;services;other;father;2;1;0;no;yes;no;no;yes;yes;no;no;5;1;3;1;2;5;1;11;11;11;0,284410205
MS;M;20;R;GT3;T;1;1;other;other;course;other;2;1;1;no;yes;no;no;yes;no;yes;yes;4;4;3;2;4;4;12;8;11;10;0,621043968
MS;F;17;U;LE3;A;3;2;services;other;reputation;mother;2;2;0;no;no;no;no;yes;yes;no;yes;1;2;3;1;2;5;0;15;14;15;0,634961532
MS;F;16;U;GT3;T;1;3;at_home;other;other;father;2;1;0;no;yes;no;no;yes;no;yes;yes;4;3;3;1;3;5;11;10;11;11;0,782681603
GP;F;16;U;LE3;T;4;3;teacher;services;course;mother;3;2;0;no;yes;no;yes;yes;yes;yes;no;5;4;3;1;2;1;2;16;15;16;0,832994117
GP;M;18;U;GT3;T;4;4;teacher;services;home;father;1;2;0;no;yes;no;yes;yes;yes;yes;no;4;3;3;2;2;2;0;12;12;13;0,142888071
GP;F;16;U;GT3;T;4;3;teacher;other;other;mother;1;2;0;no;no;no;yes;yes;yes;yes;yes;1;3;2;1;1;1;4;14;15;15;0,093876091
MS;F;19;U;GT3;T;1;1;at_home;services;course;mother;1;3;1;no;no;no;yes;yes;no;no;yes;5;3;1;1;1;3;6;7;9;9;0,270693613
MS;F;17;U;GT3;T;3;2;at_home;other;home;mother;2;1;0;no;no;no;no;yes;yes;no;yes;4;3;3;2;2;1;5;9;11;11;0,859067941
MS;M;17;U;GT3;T;2;2;other;other;course;mother;1;1;1;no;no;no;yes;yes;yes;no;yes;1;2;1;2;3;5;0;7;0;0;0,730878415
MS;M;17;R;LE3;T;1;3;other;other;course;father;2;1;0;no;no;no;yes;yes;yes;no;yes;5;1;2;3;3;5;2;12;11;12;0,800861916
MS;F;17;U;GT3;T;0;1;other;at_home;course;father;2;1;0;no;no;no;yes;no;yes;no;no;2;4;4;3;5;5;5;9;9;10;0,487924947
GP;F;16;U;GT3;T;3;3;other;services;home;mother;1;2;0;yes;yes;no;yes;yes;yes;yes;no;4;3;3;2;4;5;4;11;11;11;0,592601843
GP;M;18;R;LE3;T;3;3;other;services;course;mother;1;2;0;no;yes;no;no;yes;yes;yes;yes;4;3;3;1;3;5;8;10;9;10;0,881414746
GP;F;16;U;GT3;T;4;4;teacher;services;home;mother;1;3;0;no;yes;no;yes;no;yes;yes;no;5;3;2;1;1;5;4;15;16;16;0,707777806
MS;M;16;U;GT3;T;2;1;health;services;other;mother;2;2;0;no;no;no;no;no;yes;yes;yes;4;2;2;1;4;5;2;9;7;8;0,141834352
GP;M;18;R;LE3;T;3;2;services;other;reputation;mother;2;3;0;no;yes;no;yes;yes;yes;yes;no;5;4;2;1;1;4;0;14;15;15;0,836722512
GP;F;15;R;GT3;T;2;4;services;health;course;mother;1;3;0;yes;yes;no;yes;yes;yes;yes;no;4;3;2;1;1;5;2;10;11;10;0,768970285
GP;F;17;U;GT3;A;3;3;health;other;reputation;mother;1;2;0;no;yes;no;no;no;yes;yes;yes;3;3;3;1;3;3;10;12;13;14;0,274699614
GP;F;17;U;GT3;T;3;3;services;other;home;mother;2;3;0;no;yes;no;no;yes;yes;yes;yes;4;2;2;2;3;5;10;11;11;11;0,123392452
GP;M;15;U;LE3;A;2;1;services;other;course;mother;4;1;0;no;no;no;no;yes;yes;yes;no;4;5;5;2;5;5;0;12;11;11;0,528477256
GP;F;16;U;GT3;T;3;4;at_home;other;course;mother;1;2;0;no;yes;no;no;yes;yes;yes;no;2;4;3;1;2;3;14;12;11;11;0,707030637
MS;M;17;U;GT3;T;2;3;other;services;home;father;2;2;0;no;no;no;yes;yes;yes;yes;no;4;4;3;1;1;3;4;14;15;16;0,385990553
GP;F;18;U;LE3;T;1;1;other;at_home;home;mother;1;3;0;no;yes;no;no;no;yes;no;no;4;4;3;2;3;3;4;11;12;14;0,963339169
MS;M;17;R;GT3;T;2;2;other;other;course;mother;3;1;1;no;yes;no;no;no;yes;yes;no;4;4;5;1;2;5;0;10;9;9;0,75006011
MS;F;16;U;LE3;T;2;1;other;services;other;mother;1;2;0;no;no;no;no;yes;yes;yes;yes;3;2;2;1;1;3;0;14;15;16;0,32442535
GP;F;16;U;GT3;A;2;2;other;other;home;mother;1;1;1;no;no;no;no;yes;yes;no;no;5;3;4;1;1;5;12;13;11;11;0,299643236
GP;F;17;U;GT3;T;1;1;at_home;other;course;father;1;2;0;no;yes;no;no;no;yes;yes;no;5;3;3;1;1;3;2;9;11;11;0,789885814
GP;F;17;R;LE3;T;2;2;services;services;course;mother;1;3;0;no;yes;no;yes;yes;yes;yes;no;3;3;2;2;2;3;0;11;11;10;0,035367639
GP;M;18;U;GT3;T;2;1;services;services;other;mother;1;1;2;no;no;no;no;no;no;yes;no;3;2;5;2;5;5;4;7;8;6;0,542542185
GP;M;17;U;LE3;T;4;3;health;other;course;mother;2;2;0;no;no;no;yes;yes;yes;yes;yes;2;5;5;1;4;5;8;15;15;15;0,179992836
MS;M;15;R;LE3;T;4;1;health;services;reputation;father;1;2;0;no;yes;no;yes;yes;yes;yes;no;5;3;4;1;2;2;7;7;9;8;0,952877183
MS;M;18;R;GT3;T;4;4;at_home;services;other;mother;3;1;0;no;yes;yes;yes;yes;yes;yes;yes;2;5;5;1;1;1;5;12;13;14;0,401454725
GP;M;17;U;GT3;T;2;3;other;other;course;father;2;1;0;no;no;no;no;yes;yes;yes;no;5;2;2;1;1;2;2;9;12;13;0,643091827
GP;M;17;U;GT3;T;3;2;services;services;course;mother;1;1;3;no;yes;yes;yes;yes;yes;yes;no;5;5;5;2;4;5;2;8;8;7;0,073159992
GP;F;17;U;GT3;T;3;4;at_home;services;home;mother;1;3;1;no;yes;yes;no;yes;yes;yes;yes;4;4;3;3;4;5;14;8;9;8;0,366534264
MS;M;16;R;GT3;T;3;2;services;other;course;father;2;1;0;no;no;no;no;yes;yes;yes;no;4;5;5;2;3;5;2;11;9;10;0,161799858
GP;F;17;U;GT3;A;4;3;services;services;course;mother;1;2;0;no;yes;no;no;yes;yes;yes;yes;5;2;2;1;2;5;14;15;14;17;0,684041484
MS;M;17;R;LE3;T;1;2;at_home;services;reputation;mother;1;1;0;no;yes;no;yes;yes;yes;yes;no;5;5;5;5;5;3;4;10;11;11;0,949237234
GP;M;16;U;LE3;T;4;3;teacher;other;course;mother;1;1;0;no;no;no;yes;no;yes;yes;no;5;4;5;1;1;3;7;14;14;15;0,851955364
GP;F;16;U;GT3;A;4;1;other;other;home;mother;1;2;0;no;no;no;yes;yes;yes;yes;yes;5;3;3;1;2;5;0;14;13;13;0,131819193
GP;F;16;R;GT3;T;4;4;health;teacher;other;mother;1;2;0;no;yes;no;yes;yes;yes;no;no;2;4;4;2;3;4;0;17;16;16;0,7120302
MS;F;17;R;GT3;T;4;2;other;other;course;mother;2;2;0;yes;yes;no;no;no;yes;yes;no;4;3;3;2;3;5;0;17;18;18;0,735137089
GP;M;16;U;GT3;T;4;3;health;services;reputation;mother;1;4;0;no;no;no;yes;yes;yes;yes;no;4;2;2;1;1;2;2;17;17;17;0,361372298
GP;M;16;U;LE3;A;4;4;teacher;health;reputation;mother;1;2;0;no;yes;no;no;yes;yes;no;no;4;1;3;3;5;5;6;9;9;10;0,173162869
GP;F;18;U;LE3;T;1;1;other;other;home;mother;2;2;0;no;yes;no;no;no;yes;no;no;4;4;3;1;1;3;2;13;13;13;0,111586479
GP;F;17;U;GT3;A;2;1;other;other;course;mother;2;3;0;no;no;no;yes;yes;yes;yes;yes;3;2;3;1;2;3;0;15;15;16;0,587540715
MS;F;16;R;LE3;T;1;2;at_home;other;course;mother;1;2;0;no;no;no;yes;yes;no;yes;no;4;4;5;1;3;3;0;8;9;9;0,623975387
GP;M;16;U;GT3;T;0;2;other;other;other;mother;1;1;0;no;no;no;no;no;yes;yes;no;4;3;2;2;4;5;0;11;12;11;0,067003265
MS;F;18;R;LE3;T;4;4;teacher;services;course;mother;1;2;0;no;no;no;yes;yes;yes;yes;no;5;4;3;3;4;2;1;13;14;14;0,622345642
GP;M;16;U;GT3;T;4;4;teacher;teacher;home;mother;1;2;0;no;yes;yes;yes;yes;yes;yes;yes;4;4;5;5;5;5;4;12;11;12;0,735659859
GP;M;17;U;GT3;T;2;1;other;other;home;mother;1;1;0;no;yes;no;no;yes;yes;yes;no;5;4;5;1;2;5;22;9;7;6;0,462139314
MS;F;19;R;GT3;T;2;3;services;other;course;mother;1;3;1;no;no;no;yes;no;yes;yes;no;5;4;2;1;2;5;4;10;11;10;0,97738648
MS;F;18;U;LE3;T;1;1;other;at_home;reputation;mother;2;2;0;yes;no;no;no;yes;yes;no;no;2;3;5;1;4;3;8;9;8;10;0,551399661
MS;F;18;U;GT3;T;1;2;other;other;course;father;1;2;1;no;yes;no;yes;yes;yes;yes;yes;3;4;4;2;3;5;9;9;8;8;0,778933902
GP;F;18;U;GT3;T;3;2;services;other;home;mother;1;2;0;no;yes;no;yes;no;yes;yes;yes;3;1;2;1;2;1;4;10;13;13;0,115408754
GP;F;17;U;GT3;T;2;2;at_home;at_home;course;mother;1;3;0;no;yes;no;yes;yes;yes;yes;no;4;3;3;1;1;4;0;12;12;13;0,674018881
GP;M;16;U;LE3;T;2;2;other;other;home;mother;1;2;0;no;no;no;no;yes;yes;yes;no;4;4;4;1;1;3;0;13;12;13;0,713349121
GP;M;15;U;GT3;T;4;4;health;health;other;father;1;1;0;no;yes;yes;no;yes;yes;yes;no;5;4;2;1;1;5;0;11;12;12;0,493821027
GP;M;18;U;GT3;T;2;1;services;services;reputation;mother;1;3;0;no;no;no;yes;yes;yes;yes;no;4;2;4;1;3;2;0;14;15;15;0,850732368
GP;F;15;U;GT3;T;1;1;other;services;course;father;1;2;0;no;yes;no;no;yes;yes;yes;no;4;4;2;1;2;5;0;12;12;12;0,588481179
MS;F;16;U;GT3;T;1;2;other;services;course;mother;1;3;1;no;yes;no;no;yes;yes;no;no;1;3;2;1;2;4;0;10;8;8;0,704510482
GP;F;17;R;GT3;T;4;2;other;other;course;mother;1;3;0;no;yes;no;yes;yes;yes;yes;no;4;3;4;1;3;5;2;11;12;14;0,010886112
GP;F;18;R;LE3;T;1;1;at_home;other;reputation;mother;2;4;0;no;yes;no;yes;yes;yes;no;no;5;2;2;1;1;3;2;17;17;18;0,592214643
MS;M;18;R;LE3;T;3;2;services;other;course;mother;3;1;0;no;no;no;no;no;yes;yes;no;4;4;1;3;4;5;4;10;11;11;0,802879971
MS;F;16;U;GT3;A;3;2;services;at_home;course;mother;2;2;2;no;yes;no;yes;yes;yes;no;yes;2;5;5;1;1;1;8;5;5;7;0,976464336
MS;F;17;U;LE3;T;1;2;at_home;other;course;father;1;1;0;no;no;no;no;yes;yes;yes;no;5;5;1;1;1;3;0;7;10;10;0,050835198
GP;M;18;U;GT3;T;2;1;other;other;home;mother;1;2;0;no;no;no;yes;yes;yes;yes;no;5;2;4;1;2;4;2;16;16;16;0,16308653
MS;M;15;R;GT3;T;1;2;other;services;course;mother;3;2;0;no;yes;no;yes;yes;yes;no;no;5;5;5;1;3;5;11;9;11;10;0,120903657
GP;M;17;U;GT3;T;3;3;other;services;reputation;mother;1;1;0;no;no;no;yes;no;yes;yes;no;4;3;5;3;5;5;0;17;18;17;0,425693348
MS;F;16;R;LE3;T;1;2;other;other;reputation;mother;2;1;0;no;no;no;yes;yes;yes;yes;no;5;4;5;1;4;2;0;14;14;15;0,74930415
GP;M;15;U;LE3;T;1;2;other;at_home;home;father;1;2;0;yes;yes;no;yes;yes;yes;yes;no;4;3;2;1;1;5;0;14;13;14;0,06195669
GP;M;17;U;GT3;T;3;3;health;other;home;mother;1;1;0;no;yes;no;no;yes;yes;yes;no;4;4;3;1;3;5;0;14;15;15;0,164963164
MS;F;17;R;GT3;T;2;2;at_home;other;course;mother;2;2;0;no;yes;no;no;yes;yes;yes;no;4;3;5;1;2;4;0;11;10;11;0,070708864
GP;F;16;U;GT3;T;2;2;at_home;other;home;mother;1;2;1;yes;no;no;yes;yes;yes;yes;no;3;1;2;1;1;5;12;8;10;10;0,139083434
GP;M;16;U;LE3;T;2;1;other;other;course;mother;1;2;0;no;no;no;yes;yes;yes;yes;yes;4;2;3;1;2;5;0;13;14;16;0,17653677
GP;M;16;U;GT3;T;3;4;other;other;course;father;3;1;1;no;yes;no;yes;no;yes;yes;no;3;4;5;2;4;2;4;9;9;10;0,134228885
MS;M;16;R;LE3;T;4;1;other;at_home;other;father;1;1;0;no;no;no;no;yes;yes;yes;no;4;1;2;2;1;2;0;10;11;11;0,177443292
GP;F;18;U;GT3;T;3;2;other;services;other;mother;1;3;0;no;no;no;no;yes;yes;yes;yes;5;4;3;2;3;1;4;14;16;17;0,059719632
GP;F;18;U;GT3;T;3;3;other;other;course;mother;2;1;1;no;no;no;no;yes;no;yes;no;4;1;1;1;1;3;14;8;7;7;0,575855526
MS;M;18;U;LE3;T;4;4;teacher;services;other;mother;2;3;0;no;no;no;no;yes;yes;yes;yes;4;2;2;2;2;5;0;15;16;16;0,588018199
MS;F;15;R;LE3;T;1;1;other;services;course;mother;2;1;1;no;yes;no;no;yes;yes;yes;yes;4;4;3;1;2;2;4;6;7;8;0,542389124
MS;F;18;U;GT3;T;1;2;at_home;at_home;course;father;2;2;0;no;yes;no;no;yes;no;no;no;4;1;1;1;1;4;0;11;11;12;0,270665792
GP;F;17;U;GT3;T;4;3;health;services;reputation;mother;1;3;0;no;yes;no;no;yes;yes;yes;no;4;2;2;1;2;3;0;17;18;18;0,480594901
MS;F;16;R;GT3;T;4;4;health;teacher;reputation;father;1;2;0;no;no;no;yes;no;yes;yes;yes;4;3;3;2;3;2;0;14;16;16;0,132208696
MS;F;15;R;GT3;T;3;3;services;other;reputation;mother;1;2;0;no;yes;no;no;yes;yes;yes;yes;4;5;4;1;1;1;4;13;12;12;0,801241133
GP;F;16;U;GT3;T;2;2;services;other;reputation;mother;2;2;0;no;no;no;yes;no;yes;yes;no;3;4;4;1;4;5;0;13;12;14;0,574883243
GP;F;15;U;GT3;T;1;1;at_home;other;course;mother;3;1;0;no;yes;no;yes;no;yes;yes;yes;4;3;3;1;2;4;6;11;12;13;0,426533484
GP;F;16;U;GT3;T;4;2;teacher;services;home;mother;2;2;0;no;yes;no;yes;yes;yes;yes;no;5;3;3;1;1;1;2;13;14;14;0,42694858
MS;F;18;R;LE3;A;1;2;at_home;other;course;mother;3;2;0;no;no;no;no;yes;yes;no;yes;4;3;4;1;4;5;0;16;15;15;0,048635209
GP;F;20;U;GT3;T;1;0;other;other;reputation;mother;2;1;1;yes;no;no;no;yes;yes;yes;yes;5;3;1;1;1;5;5;8;10;10;0,192537357
GP;M;16;U;GT3;T;1;3;at_home;services;course;father;1;1;1;no;no;no;no;yes;no;yes;no;5;3;3;1;4;2;2;9;8;8;0,478502677
GP;F;17;U;GT3;T;4;2;other;other;reputation;mother;2;3;0;no;yes;no;no;yes;yes;yes;no;4;3;3;1;1;3;0;16;16;16;0,194143242
MS;M;16;R;GT3;T;2;2;services;services;course;mother;2;1;0;no;yes;no;yes;yes;yes;yes;yes;5;4;3;2;4;4;6;7;8;8;0,880404615
GP;M;18;R;GT3;T;3;2;other;other;course;mother;1;3;0;no;no;no;yes;no;yes;no;no;5;3;2;1;1;3;2;10;11;12;0,51820093
MS;M;18;R;GT3;T;3;2;services;other;course;mother;1;1;1;no;no;no;no;yes;no;yes;no;2;3;1;2;2;5;0;4;0;0;0,173759818
GP;F;17;R;GT3;T;4;3;teacher;other;reputation;mother;2;3;0;no;yes;no;yes;yes;yes;yes;yes;4;4;2;1;1;4;0;11;12;12;0,695323574
GP;F;15;U;GT3;T;4;2;health;services;home;mother;1;3;0;no;yes;no;yes;yes;yes;yes;yes;3;2;2;1;1;5;0;14;14;14;0,943167488
GP;M;16;U;GT3;T;3;3;services;other;home;mother;1;2;0;no;no;no;yes;yes;yes;yes;yes;4;2;3;1;2;3;0;11;12;13;0,096304504
GP;M;18;U;GT3;T;2;2;other;other;home;mother;2;2;3;no;yes;yes;no;yes;yes;yes;no;3;3;3;5;5;4;9;10;9;10;0,713574805
GP;F;18;U;GT3;T;2;1;services;other;course;mother;2;2;0;no;yes;no;yes;yes;yes;yes;no;5;3;3;1;2;1;2;12;12;15;0,272039427
GP;F;19;U;GT3;T;0;1;at_home;other;course;other;1;2;2;no;yes;no;no;no;no;no;no;3;4;2;1;1;5;0;9;10;11;0,496260838
GP;M;17;U;GT3;T;4;4;teacher;teacher;reputation;mother;1;2;0;yes;yes;no;yes;yes;yes;yes;yes;4;5;5;1;3;2;0;13;13;13;0,047278284
GP;M;17;U;LE3;T;4;3;teacher;other;course;mother;2;2;0;no;no;no;yes;yes;yes;yes;no;4;4;4;4;4;4;0;10;11;11;0,898123295
GP;F;17;U;GT3;T;4;4;health;health;course;mother;1;1;0;no;no;no;yes;yes;yes;yes;no;5;3;4;1;2;5;2;14;15;17;0,227114732
MS;M;16;U;LE3;T;4;3;other;other;course;father;1;1;0;no;no;no;yes;yes;yes;yes;no;4;2;5;1;5;5;8;14;12;13;0,88815561
GP;M;16;U;GT3;T;3;3;services;other;home;father;1;3;0;no;yes;no;yes;yes;yes;yes;no;5;3;3;1;1;5;4;13;14;14;0,592344487
MS;F;17;R;GT3;T;2;2;at_home;other;other;mother;1;1;0;no;yes;yes;no;yes;yes;yes;no;5;1;3;1;2;5;5;9;9;9;0,919005789
MS;M;17;R;GT3;T;4;3;services;other;home;mother;2;2;1;no;yes;yes;yes;no;yes;yes;yes;4;5;5;1;3;2;4;10;11;11;0,254084366
GP;M;18;U;LE3;T;2;1;at_home;other;course;mother;4;2;0;yes;yes;no;yes;yes;yes;yes;yes;4;3;2;4;5;3;2;9;10;11;0,224757098
GP;F;16;U;GT3;T;1;2;other;other;course;mother;1;1;0;no;no;no;no;yes;no;yes;no;5;3;5;1;2;5;4;12;11;11;0,89474988
GP;F;16;U;GT3;T;3;3;other;other;home;mother;1;3;0;no;yes;no;no;yes;yes;yes;yes;4;3;3;1;3;4;2;9;11;11;0,63264852
GP;M;17;R;GT3;T;2;2;other;services;other;mother;2;1;0;no;no;no;no;no;no;no;no;5;2;2;1;1;4;0;9;10;10;0,70327726
GP;M;17;R;GT3;T;3;2;other;other;course;mother;2;2;2;yes;yes;no;no;yes;yes;yes;yes;4;4;4;1;4;3;4;7;6;8;0,035891376
MS;F;17;R;GT3;T;1;1;other;other;other;father;1;1;1;no;yes;no;no;no;no;yes;no;5;4;4;2;2;5;0;6;6;7;0,293426318
GP;F;16;U;GT3;T;3;2;other;other;reputation;mother;1;2;0;no;yes;no;no;yes;yes;yes;no;1;2;2;1;2;1;8;14;15;16;0,795365623
GP;F;18;U;LE3;T;2;2;other;other;home;other;1;2;0;no;no;no;yes;no;yes;yes;yes;4;3;3;1;1;2;0;10;9;12;0,873340918
GP;F;16;U;GT3;T;2;2;other;other;home;mother;1;2;0;no;no;no;no;yes;yes;yes;yes;5;4;4;1;1;5;0;12;11;11;0,826912028
GP;M;18;U;LE3;T;3;4;services;other;home;mother;1;2;0;no;no;no;yes;yes;yes;yes;yes;4;3;3;1;3;5;6;16;16;17;0,448004763
MS;F;17;R;GT3;T;3;2;at_home;other;course;father;1;2;1;no;no;no;no;yes;yes;no;yes;4;5;4;1;2;5;0;10;10;10;0,726212202
MS;F;17;U;GT3;T;3;3;services;services;course;mother;2;1;0;no;yes;no;no;yes;yes;yes;no;4;4;3;1;1;4;0;11;12;13;0,926777354
GP;M;17;R;GT3;T;3;4;at_home;other;course;mother;3;2;0;no;no;no;no;yes;yes;no;no;5;4;5;2;4;5;2;10;9;10;0,675546656
GP;M;16;R;GT3;T;4;3;services;other;reputation;mother;2;1;0;yes;yes;yes;yes;no;yes;yes;no;3;3;3;1;1;4;6;9;11;11;0,060546118
GP;F;15;U;GT3;T;1;2;at_home;services;course;father;1;2;0;no;no;no;no;no;yes;no;yes;2;3;4;2;4;1;6;11;11;11;0,205212505
GP;M;16;U;GT3;T;4;4;health;other;course;mother;1;1;0;no;yes;no;yes;yes;yes;yes;no;3;4;4;1;4;5;4;12;13;13;0,993785522
GP;F;18;U;LE3;A;2;4;services;other;course;mother;2;2;1;no;yes;no;no;yes;yes;yes;no;4;3;3;1;1;3;18;10;10;10;0,099760109
GP;M;15;U;GT3;A;3;4;services;other;course;mother;1;2;0;no;yes;no;yes;yes;yes;yes;no;5;4;4;1;1;1;0;16;16;16;0,851423283
GP;F;17;R;LE3;T;1;1;at_home;other;course;mother;2;3;0;no;no;no;yes;yes;yes;yes;no;4;3;3;1;3;5;4;15;14;15;0,634148437
GP;F;15;U;GT3;A;3;3;other;health;reputation;father;1;4;0;yes;no;no;no;yes;yes;no;no;4;3;3;1;1;4;10;10;10;10;0,297207397
GP;M;15;U;LE3;A;4;4;teacher;teacher;course;mother;1;1;0;no;no;no;yes;yes;yes;yes;no;5;5;3;1;1;4;4;13;14;14;0,223456493
GP;F;16;U;GT3;T;4;4;services;services;reputation;mother;1;3;0;no;yes;no;yes;yes;yes;yes;no;3;2;3;1;2;2;10;13;13;14;0,224653686
GP;M;18;R;GT3;T;2;3;other;services;reputation;father;1;1;0;no;no;no;no;yes;yes;yes;no;3;1;3;4;5;4;13;13;14;14;0,86724316
GP;F;17;U;LE3;T;2;1;other;other;home;father;1;2;0;no;no;no;yes;yes;yes;yes;no;4;2;3;2;2;2;2;11;12;14;0,648883071
GP;M;17;U;GT3;T;4;4;teacher;teacher;course;mother;1;1;0;no;yes;no;yes;no;yes;yes;no;4;2;1;1;2;5;6;10;8;9;0,671720599
MS;F;16;U;GT3;T;3;1;other;other;course;mother;1;1;0;no;no;no;yes;yes;yes;yes;no;3;1;3;1;3;1;0;8;6;8;0,946797844
GP;M;18;U;GT3;T;2;2;other;other;reputation;mother;1;1;0;no;no;no;no;no;yes;yes;no;5;4;2;1;2;5;6;15;14;15;0,341250645
GP;M;15;U;GT3;T;4;2;health;services;other;mother;1;1;0;no;no;no;no;yes;yes;yes;no;2;2;4;2;4;1;0;11;11;11;0,867700165
MS;F;18;U;GT3;T;1;1;other;other;course;mother;2;2;0;no;no;no;yes;yes;yes;no;no;1;1;1;1;1;5;6;11;12;9;0,250714775
GP;M;16;U;GT3;T;4;4;services;services;course;mother;1;3;0;no;yes;no;yes;yes;yes;yes;no;5;3;3;1;3;5;0;15;13;13;0,136022259
MS;F;16;R;GT3;T;2;2;other;other;course;mother;3;2;0;no;yes;no;no;yes;yes;yes;no;4;4;5;1;1;4;4;9;10;11;0,159034433
MS;F;17;R;LE3;A;2;1;services;other;reputation;mother;2;2;0;no;no;no;yes;yes;yes;yes;yes;5;3;3;1;2;2;5;11;11;12;0,624999866
GP;M;16;U;GT3;T;4;4;services;services;other;mother;1;1;0;yes;yes;no;yes;yes;yes;yes;no;4;5;5;5;5;4;12;9;9;8;0,508662826
GP;M;17;R;GT3;T;1;2;at_home;at_home;home;mother;1;2;0;no;yes;no;yes;no;yes;no;yes;3;5;2;2;2;1;2;16;17;18;0,893448619
GP;M;17;U;GT3;T;2;1;other;other;home;mother;2;1;3;yes;yes;no;yes;yes;no;yes;no;4;5;1;1;1;3;0;9;9;10;0,306143208
GP;F;15;U;LE3;T;3;2;services;other;reputation;mother;1;2;0;no;yes;no;no;yes;yes;yes;no;4;4;4;1;1;5;4;12;11;11;0,041330677
MS;F;15;R;LE3;T;2;1;at_home;other;home;mother;2;1;0;no;no;no;no;yes;no;no;no;1;3;4;1;1;1;0;6;8;9;0,935274302
MS;F;15;R;GT3;T;3;3;at_home;other;course;mother;2;1;0;no;yes;no;no;yes;yes;yes;no;5;4;4;2;3;5;4;10;10;11;0,116113134
GP;M;16;U;GT3;T;3;3;other;services;home;father;2;1;0;no;no;no;yes;yes;yes;yes;no;5;4;2;1;1;5;6;14;14;15;0,428680255
MS;F;18;R;GT3;T;1;1;at_home;at_home;course;mother;2;1;1;no;no;no;no;no;no;yes;yes;3;2;3;1;1;2;4;9;11;10;0,077909508
GP;M;18;U;LE3;A;4;4;teacher;teacher;reputation;mother;1;2;0;no;yes;no;yes;yes;yes;yes;no;5;4;3;1;1;2;0;17;17;17;0,459748278
GP;F;18;U;GT3;A;3;2;other;services;course;other;1;3;0;no;yes;no;yes;no;yes;yes;yes;4;3;3;5;1;5;10;12;11;11;0,628428399
MS;F;16;R;GT3;T;2;2;at_home;other;course;mother;2;2;1;no;yes;no;yes;no;yes;no;no;4;4;4;2;3;5;2;12;11;12;0,087344853
GP;F;17;U;GT3;T;2;1;services;other;reputation;mother;1;2;0;no;yes;no;yes;yes;yes;yes;no;4;3;5;2;4;4;4;12;16;16;0,477025562
GP;F;16;U;GT3;T;4;3;health;other;home;mother;1;2;0;no;yes;no;yes;yes;yes;yes;no;4;3;5;1;5;2;2;14;14;15;0,020496257
GP;M;15;U;LE3;T;4;3;teacher;services;home;mother;1;3;0;no;yes;no;yes;yes;yes;yes;no;5;4;3;1;1;4;0;14;14;14;0,524812029
GP;F;18;R;GT3;T;2;2;other;other;home;mother;1;2;0;yes;no;no;no;yes;yes;no;no;3;2;3;1;1;5;4;11;11;13;0,375704472
GP;F;15;U;GT3;T;1;1;other;other;home;father;1;2;0;no;yes;no;yes;no;yes;yes;no;4;3;2;2;3;4;2;13;12;12;0,51986989
GP;M;16;U;GT3;T;3;3;at_home;other;reputation;other;3;2;1;yes;yes;no;no;no;yes;yes;no;5;3;3;1;3;2;4;9;11;10;0,145639353
GP;F;16;U;GT3;T;4;2;health;services;home;father;1;2;0;no;no;no;no;yes;yes;yes;yes;4;2;3;1;1;3;0;17;17;18;0,426014713
GP;F;17;U;GT3;T;2;1;services;other;course;mother;2;2;0;no;yes;no;yes;yes;yes;yes;yes;4;3;4;2;2;1;10;12;15;15;0,53038039
MS;M;18;R;GT3;T;4;2;other;other;home;father;2;1;1;no;no;yes;no;yes;yes;no;no;5;4;3;4;3;3;0;7;7;0;0,039124366
GP;F;17;U;LE3;T;4;2;teacher;services;reputation;mother;1;4;0;no;yes;no;yes;yes;yes;yes;no;4;2;3;1;1;4;2;14;15;17;0,127160037
MS;M;18;R;GT3;T;3;2;other;other;course;mother;2;1;0;no;yes;no;no;no;yes;yes;no;2;5;5;5;5;5;8;9;10;11;0,88021869
GP;F;15;U;GT3;T;4;4;services;at_home;course;mother;1;3;0;no;yes;no;yes;yes;yes;yes;yes;4;3;3;1;1;5;4;13;14;15;0,500910652
GP;F;16;U;GT3;A;3;1;services;other;course;mother;1;2;0;no;yes;no;no;yes;yes;yes;no;2;3;3;2;2;4;2;11;11;12;0,969628854
GP;F;20;R;GT3;T;2;1;other;other;course;other;2;2;0;no;yes;yes;yes;yes;no;yes;yes;1;2;3;1;2;2;8;10;12;12;0,621613774
MS;M;16;U;GT3;T;1;1;at_home;services;home;mother;2;2;0;no;yes;no;yes;yes;yes;no;yes;5;4;5;4;5;3;0;7;0;0;0,256077742
GP;M;15;U;LE3;T;2;2;services;health;reputation;mother;1;4;0;no;yes;no;yes;yes;yes;yes;no;4;3;4;1;1;4;2;11;12;12;0,167918061
MS;F;16;R;LE3;T;1;1;services;services;home;mother;1;1;0;no;yes;no;yes;yes;yes;yes;yes;4;4;4;2;2;4;2;14;14;14;0,763069261
GP;M;18;U;GT3;T;4;2;teacher;other;home;mother;1;2;0;no;yes;no;yes;yes;yes;yes;yes;4;3;2;1;4;5;2;15;16;16;0,012379296
GP;F;18;U;GT3;T;2;2;other;other;course;mother;1;1;0;no;yes;no;yes;yes;yes;yes;yes;4;3;5;2;4;5;2;10;10;10;0,60310196
GP;F;16;U;GT3;T;4;3;teacher;health;home;mother;1;3;0;yes;yes;no;yes;yes;yes;yes;no;3;4;4;2;4;4;0;14;13;13;0,761014063
GP;M;19;R;LE3;T;2;1;at_home;services;course;mother;2;3;1;no;no;no;yes;yes;yes;yes;yes;4;3;1;1;1;5;0;9;10;11;0,334729966
MS;F;16;R;LE3;T;2;1;other;other;home;mother;1;1;0;no;yes;no;no;yes;yes;yes;yes;5;4;3;1;1;5;2;10;8;8;0,524758413
GP;F;17;R;GT3;T;3;4;at_home;services;course;father;1;3;0;no;yes;no;yes;no;yes;yes;no;4;3;4;2;5;5;2;15;15;17;0,543934919
GP;F;19;U;GT3;T;1;1;other;other;course;other;3;3;0;no;no;no;yes;yes;no;no;yes;1;5;5;4;3;5;12;10;10;11;0,329908003
GP;F;16;U;GT3;A;3;4;services;other;course;father;1;1;0;no;no;no;no;yes;yes;yes;no;3;2;1;1;4;5;12;15;13;14;0,137919889
MS;F;18;U;GT3;T;3;3;services;services;course;father;1;2;0;no;yes;no;no;yes;yes;no;yes;5;3;4;1;1;5;0;10;10;10;0,239767062
MS;F;16;U;GT3;T;2;1;other;services;course;mother;1;2;0;no;yes;no;yes;yes;yes;yes;no;5;3;3;1;1;1;0;14;13;14;0,380564719
GP;M;15;U;GT3;T;4;4;services;teacher;course;father;1;2;0;no;yes;no;yes;yes;yes;yes;no;4;3;3;1;1;5;0;14;15;15;0,235084424
GP;M;15;U;GT3;T;4;3;teacher;other;course;mother;2;2;0;no;yes;no;no;yes;yes;yes;no;5;4;3;1;2;3;0;12;12;13;0,899156039
MS;M;19;R;GT3;T;1;1;other;other;home;other;3;1;1;no;yes;no;no;yes;yes;yes;no;4;4;4;3;3;5;4;8;9;10;0,991513739
GP;F;17;U;LE3;A;2;2;other;other;home;mother;1;1;1;no;yes;no;no;no;no;yes;no;3;1;2;1;1;1;8;11;9;10;0,789535705
GP;M;16;U;GT3;T;2;1;at_home;other;course;mother;4;1;0;no;no;no;no;yes;yes;no;no;3;2;1;1;1;2;4;9;9;11;0,6347969
GP;F;17;U;LE3;T;0;2;at_home;at_home;home;father;2;3;0;no;no;no;no;yes;yes;yes;no;3;3;3;2;3;2;0;14;14;15;0,262409445
GP;M;16;R;LE3;T;3;3;teacher;other;home;father;3;1;0;no;yes;no;yes;yes;yes;yes;no;3;3;4;3;5;3;16;10;11;12;0,056394678
GP;F;16;U;GT3;A;2;1;other;other;other;mother;1;2;0;no;no;no;yes;yes;yes;yes;yes;5;3;4;1;1;2;2;12;13;12;0,701110044
GP;M;16;U;GT3;T;3;1;other;other;reputation;father;2;4;0;no;yes;no;no;yes;yes;yes;no;4;3;2;1;1;5;2;13;11;11;0,631031799
GP;M;17;U;LE3;T;4;4;services;other;home;mother;1;2;0;no;yes;no;no;yes;yes;yes;yes;5;3;5;4;5;3;15;13;12;12;0,341654442
GP;F;17;U;GT3;T;3;2;other;other;home;mother;1;2;0;no;yes;no;no;yes;yes;yes;yes;4;3;2;2;3;2;0;12;13;15;0,099722341
GP;F;20;R;GT3;T;1;1;other;other;reputation;other;2;3;0;no;no;no;no;yes;yes;yes;yes;3;2;2;1;3;3;8;11;15;15;0,971260683
GP;M;15;U;LE3;T;4;4;teacher;other;home;other;1;1;0;no;yes;no;no;no;yes;yes;yes;5;4;3;2;4;5;8;10;11;11;0,504536063
GP;M;15;U;GT3;T;2;2;services;services;course;father;1;1;0;yes;yes;no;no;yes;yes;yes;no;5;4;1;1;1;1;0;9;10;10;0,742281284
GP;F;15;U;GT3;T;2;2;other;other;course;mother;1;4;0;yes;yes;no;no;yes;yes;yes;no;5;1;2;1;1;3;4;10;10;10;0,606241858
GP;F;18;R;GT3;A;3;2;other;services;home;mother;2;2;0;no;no;no;no;no;no;yes;yes;4;1;1;1;1;5;15;12;9;10;0,664527861
GP;F;17;U;GT3;T;1;1;at_home;services;course;mother;1;2;0;no;no;no;yes;yes;yes;yes;no;5;3;3;1;1;3;0;12;11;12;0,766235396
GP;F;16;U;GT3;T;4;3;other;at_home;course;mother;1;3;0;yes;yes;no;no;yes;yes;yes;no;5;3;5;1;1;3;2;12;13;13;0,418221271
GP;F;16;U;GT3;T;4;4;health;other;home;mother;1;1;0;no;yes;no;no;yes;yes;yes;no;4;4;4;1;2;2;6;17;17;17;0,354153296
GP;M;18;U;LE3;T;2;2;services;services;reputation;mother;1;2;0;no;yes;no;yes;no;no;yes;no;4;4;4;1;3;3;11;9;11;12;0,206720899
GP;F;18;U;GT3;T;2;1;services;other;reputation;mother;1;2;3;no;yes;no;yes;yes;no;yes;yes;5;4;5;1;3;5;10;10;9;8;0,466595343
GP;M;15;R;GT3;T;2;1;health;services;reputation;mother;1;2;0;no;no;no;yes;yes;yes;yes;yes;5;4;2;1;1;5;4;10;9;10;0,64696786
GP;M;15;U;GT3;T;3;4;other;other;home;mother;1;2;0;no;yes;no;yes;yes;yes;yes;no;5;5;1;1;1;5;0;12;12;13;0,276599746
GP;M;15;U;GT3;T;2;2;services;services;home;father;1;4;0;no;yes;no;yes;yes;yes;yes;no;5;5;4;1;2;5;6;14;13;13;0,951574497
GP;M;16;U;LE3;T;2;1;at_home;other;course;mother;1;1;1;no;no;no;yes;yes;yes;no;yes;4;4;4;3;5;5;6;9;10;10;0,353740789
GP;F;15;U;LE3;T;4;2;health;other;other;mother;1;2;0;no;yes;no;no;yes;yes;yes;no;4;3;3;1;1;5;0;16;14;16;0,049978798
GP;F;15;U;GT3;T;1;2;at_home;services;course;mother;1;2;0;no;no;no;no;no;yes;yes;no;3;2;3;1;2;1;0;14;14;14;0,228217776
GP;F;17;U;GT3;T;4;4;teacher;services;course;mother;1;3;0;no;yes;no;yes;yes;yes;yes;no;5;4;4;1;3;4;0;13;12;13;0,622075942
GP;M;17;U;GT3;T;3;3;other;other;reputation;father;1;2;0;no;no;no;yes;no;yes;yes;no;4;3;4;1;4;4;4;11;9;10;0,003121823
MS;F;18;R;GT3;A;4;3;services;services;course;mother;1;1;0;no;yes;no;no;yes;yes;yes;no;5;4;4;3;4;2;8;10;11;10;0,746650451
GP;M;17;R;LE3;T;2;1;at_home;other;course;mother;2;1;1;no;no;yes;yes;yes;no;yes;yes;3;3;2;2;2;5;8;8;8;9;0,536120549
GP;M;16;U;LE3;A;3;4;services;other;home;mother;1;2;0;yes;yes;yes;yes;yes;yes;yes;no;5;3;3;1;1;5;2;12;12;13;0,78113331
GP;M;15;U;LE3;A;3;2;services;other;home;mother;1;2;0;no;yes;no;no;yes;yes;yes;no;4;2;2;1;1;1;0;15;16;17;0,322907423
GP;F;17;U;GT3;T;1;1;other;other;course;mother;1;2;0;no;yes;no;no;no;yes;no;no;4;4;4;1;3;1;0;14;15;15;0,166553547
MS;M;18;U;LE3;T;1;1;at_home;at_home;course;mother;2;2;0;no;yes;no;yes;yes;yes;no;no;4;3;3;1;4;5;6;10;9;10;0,162761798
GP;F;15;U;LE3;A;3;3;other;other;other;mother;1;1;0;no;no;no;no;yes;yes;yes;no;5;3;4;4;4;1;0;13;12;13;0,315037233
GP;F;18;U;LE3;T;4;2;teacher;other;course;mother;1;2;0;no;yes;no;yes;yes;yes;yes;no;4;2;2;1;1;3;0;14;17;17;0,086772514
GP;M;15;R;GT3;T;2;3;at_home;services;course;mother;1;2;0;yes;no;yes;yes;yes;yes;no;no;4;4;4;1;1;1;0;7;8;8;0,990274558
GP;F;18;U;LE3;T;4;3;other;other;home;other;2;2;0;no;yes;no;no;yes;yes;yes;yes;4;4;5;1;2;2;0;13;14;14;0,823789327
GP;M;18;U;GT3;T;3;2;services;other;course;mother;2;1;0;no;no;no;no;yes;no;yes;no;4;4;5;2;4;5;8;7;8;7;0,347044793
GP;M;18;U;GT3;T;1;2;at_home;other;home;other;2;1;0;no;no;no;no;no;no;yes;no;3;4;4;2;4;4;10;10;10;11;0,805631108
GP;M;19;U;GT3;T;4;2;health;other;course;mother;2;2;0;no;yes;no;yes;yes;yes;yes;yes;5;4;4;1;1;1;9;11;10;10;0,782133767
MS;F;18;U;LE3;T;3;1;teacher;services;course;mother;1;2;0;no;yes;no;no;yes;yes;yes;no;4;3;4;1;1;1;4;15;15;16;0,36361241
MS;F;18;R;GT3;T;2;2;services;other;home;mother;2;3;0;no;no;no;no;yes;yes;yes;yes;4;2;1;1;1;4;5;14;14;15;0,361780233
MS;M;19;U;GT3;T;1;1;other;other;other;mother;1;2;2;no;yes;no;yes;yes;no;yes;no;4;4;3;3;4;4;2;9;9;10;0,511394071
GP;M;16;U;LE3;T;1;1;services;other;course;mother;1;2;2;no;no;no;no;yes;yes;no;yes;4;4;4;1;3;5;0;10;10;10;0,62482535
GP;F;17;U;GT3;A;4;4;other;teacher;home;mother;2;2;0;yes;yes;no;no;yes;yes;no;no;4;1;4;1;1;1;2;10;13;13;0,288199984
GP;M;20;U;GT3;A;3;2;services;other;course;other;1;1;2;no;no;no;yes;yes;yes;no;no;5;5;3;1;1;5;0;14;15;15;0,22418473
GP;M;17;R;GT3;T;2;2;other;other;course;father;2;2;0;no;yes;no;yes;yes;yes;yes;no;4;5;2;1;1;1;0;12;13;13;0,112430183
GP;M;17;U;LE3;A;4;4;health;other;reputation;mother;1;3;0;no;yes;no;no;yes;yes;yes;no;4;4;2;1;2;4;2;12;15;15;0,780308139
MS;F;19;U;LE3;A;1;1;at_home;other;course;mother;1;1;0;no;yes;no;no;yes;no;no;no;1;4;4;1;1;5;0;6;8;7;0,343781784